/*
 Navicat Premium Data Transfer

 Source Server         : localhost
 Source Server Type    : MySQL
 Source Server Version : 100408
 Source Host           : localhost:3306
 Source Schema         : project_skripsi_cbtapp

 Target Server Type    : MySQL
 Target Server Version : 100408
 File Encoding         : 65001

 Date: 21/01/2021 17:09:55
*/

SET NAMES utf8mb4;
SET FOREIGN_KEY_CHECKS = 0;

-- ----------------------------
-- Table structure for cbt_jawaban
-- ----------------------------
DROP TABLE IF EXISTS `cbt_jawaban`;
CREATE TABLE `cbt_jawaban`  (
  `jawaban_id` bigint(20) UNSIGNED NOT NULL AUTO_INCREMENT,
  `jawaban_soal_id` bigint(20) UNSIGNED NOT NULL,
  `jawaban_detail` text CHARACTER SET utf8 COLLATE utf8_unicode_ci NOT NULL,
  `jawaban_benar` tinyint(1) NOT NULL DEFAULT 0,
  `jawaban_aktif` tinyint(1) NOT NULL DEFAULT 0,
  PRIMARY KEY (`jawaban_id`) USING BTREE,
  INDEX `p_answer_question_id`(`jawaban_soal_id`) USING BTREE,
  CONSTRAINT `cbt_jawaban_ibfk_1` FOREIGN KEY (`jawaban_soal_id`) REFERENCES `cbt_soal` (`soal_id`) ON DELETE CASCADE ON UPDATE NO ACTION
) ENGINE = InnoDB AUTO_INCREMENT = 627 CHARACTER SET = utf8 COLLATE = utf8_unicode_ci ROW_FORMAT = Dynamic;

-- ----------------------------
-- Records of cbt_jawaban
-- ----------------------------
INSERT INTO `cbt_jawaban` VALUES (186, 57, '<p>1 Syawal</p>\r\n', 1, 1);
INSERT INTO `cbt_jawaban` VALUES (187, 57, '<p>1 Agustus</p>', 0, 1);
INSERT INTO `cbt_jawaban` VALUES (188, 57, '<p>1 Januari</p>', 0, 1);
INSERT INTO `cbt_jawaban` VALUES (189, 57, '<p>1 Desember</p>', 0, 1);
INSERT INTO `cbt_jawaban` VALUES (190, 57, '<p>14 Februari</p>', 0, 1);
INSERT INTO `cbt_jawaban` VALUES (191, 56, '<p>Nazril Irham</p>', 1, 1);
INSERT INTO `cbt_jawaban` VALUES (192, 56, '<p>Joko Susilo</p>', 0, 1);
INSERT INTO `cbt_jawaban` VALUES (193, 56, '<p>Wahyu Saputra</p>\r\n', 0, 1);
INSERT INTO `cbt_jawaban` VALUES (194, 56, '<p>Aril Piterpen</p>', 0, 1);
INSERT INTO `cbt_jawaban` VALUES (195, 56, 'Joko Wow', 0, 1);
INSERT INTO `cbt_jawaban` VALUES (196, 55, '<p>Soekarno</p>', 1, 1);
INSERT INTO `cbt_jawaban` VALUES (197, 55, '<p>Soeharto</p>\r\n', 0, 1);
INSERT INTO `cbt_jawaban` VALUES (198, 55, '<p>Susilo Bambang Yudhoyono</p>\r\n', 0, 1);
INSERT INTO `cbt_jawaban` VALUES (199, 55, '<p>BJ. Habibie</p>\r\n', 0, 1);
INSERT INTO `cbt_jawaban` VALUES (200, 55, '<p>Joko Widodo</p>\r\n', 0, 1);
INSERT INTO `cbt_jawaban` VALUES (201, 54, '<p>Sun East Mall</p>', 1, 1);
INSERT INTO `cbt_jawaban` VALUES (202, 54, '<p>Matahari</p>', 0, 1);
INSERT INTO `cbt_jawaban` VALUES (203, 54, '<p>Bulan</p>', 0, 1);
INSERT INTO `cbt_jawaban` VALUES (204, 54, '<p>Tanah Abang</p>', 0, 1);
INSERT INTO `cbt_jawaban` VALUES (205, 54, '<p>Tanah Lempong</p>', 0, 1);
INSERT INTO `cbt_jawaban` VALUES (206, 53, '<p>Sekolah Menengah Kejuruan</p>', 1, 1);
INSERT INTO `cbt_jawaban` VALUES (207, 53, '<p>Sekolah Menengah Kejujuran</p>', 0, 1);
INSERT INTO `cbt_jawaban` VALUES (208, 53, '<p>Sekolah Maju Sendiri</p>', 0, 1);
INSERT INTO `cbt_jawaban` VALUES (209, 53, '<p>Sekolah Mak Ku</p>', 0, 1);
INSERT INTO `cbt_jawaban` VALUES (210, 53, '<p>Sekolah Memilih Kekasih</p>', 0, 1);
INSERT INTO `cbt_jawaban` VALUES (211, 64, 'Akhirnya aku menemukanmu', 1, 1);
INSERT INTO `cbt_jawaban` VALUES (212, 64, 'Akhir dirimu', 0, 1);
INSERT INTO `cbt_jawaban` VALUES (213, 64, 'Susahnya jadi dia', 0, 1);
INSERT INTO `cbt_jawaban` VALUES (214, 64, 'Jones', 0, 1);
INSERT INTO `cbt_jawaban` VALUES (215, 64, 'Josan - Jomblo Pas Pasan', 0, 1);
INSERT INTO `cbt_jawaban` VALUES (621, 161, '<p>Aksi bela Jomblo</p>\r\n', 1, 1);
INSERT INTO `cbt_jawaban` VALUES (622, 161, '<p>Aksi bela cewek</p>\r\n', 0, 1);
INSERT INTO `cbt_jawaban` VALUES (623, 161, '<p>14 Februari</p>\r\n', 0, 1);
INSERT INTO `cbt_jawaban` VALUES (624, 161, '<p>Hari Valentine</p>\r\n', 0, 1);
INSERT INTO `cbt_jawaban` VALUES (625, 161, '<p>Turun ke jalan</p>\r\n', 0, 1);
INSERT INTO `cbt_jawaban` VALUES (626, 57, '<p>12 jan</p>\r\n', 0, 1);

-- ----------------------------
-- Table structure for cbt_konfigurasi
-- ----------------------------
DROP TABLE IF EXISTS `cbt_konfigurasi`;
CREATE TABLE `cbt_konfigurasi`  (
  `konfigurasi_id` int(11) NOT NULL AUTO_INCREMENT,
  `konfigurasi_kode` varchar(50) CHARACTER SET latin1 COLLATE latin1_swedish_ci NOT NULL,
  `konfigurasi_isi` varchar(50) CHARACTER SET latin1 COLLATE latin1_swedish_ci NOT NULL,
  `konfigurasi_keterangan` varchar(100) CHARACTER SET latin1 COLLATE latin1_swedish_ci NOT NULL,
  PRIMARY KEY (`konfigurasi_id`) USING BTREE,
  UNIQUE INDEX `konfigurasi_kode`(`konfigurasi_kode`) USING BTREE
) ENGINE = InnoDB AUTO_INCREMENT = 5 CHARACTER SET = latin1 COLLATE = latin1_swedish_ci ROW_FORMAT = Dynamic;

-- ----------------------------
-- Records of cbt_konfigurasi
-- ----------------------------
INSERT INTO `cbt_konfigurasi` VALUES (1, 'link_login_operator', 'ya', 'Menampilkan Link Login Operator');
INSERT INTO `cbt_konfigurasi` VALUES (2, 'cbt_nama', 'Computer Based-Test', 'Nama Penyelenggara');
INSERT INTO `cbt_konfigurasi` VALUES (3, 'cbt_keterangan', 'Ujian Online Berbasis Komputer', 'Keterangan Penyelenggara');
INSERT INTO `cbt_konfigurasi` VALUES (4, 'cbt_mobile_lock_xambro', 'tidak', 'Melakukan Lock pada browser mobile agar menggunakan Xambro Saja');

-- ----------------------------
-- Table structure for cbt_modul
-- ----------------------------
DROP TABLE IF EXISTS `cbt_modul`;
CREATE TABLE `cbt_modul`  (
  `modul_id` bigint(20) UNSIGNED NOT NULL AUTO_INCREMENT,
  `modul_nama` varchar(255) CHARACTER SET utf8 COLLATE utf8_unicode_ci NOT NULL,
  `modul_aktif` tinyint(1) NOT NULL DEFAULT 0,
  PRIMARY KEY (`modul_id`) USING BTREE,
  UNIQUE INDEX `ak_module_name`(`modul_nama`) USING BTREE
) ENGINE = InnoDB AUTO_INCREMENT = 10 CHARACTER SET = utf8 COLLATE = utf8_unicode_ci ROW_FORMAT = Dynamic;

-- ----------------------------
-- Records of cbt_modul
-- ----------------------------
INSERT INTO `cbt_modul` VALUES (9, 'Default', 1);

-- ----------------------------
-- Table structure for cbt_sessions
-- ----------------------------
DROP TABLE IF EXISTS `cbt_sessions`;
CREATE TABLE `cbt_sessions`  (
  `id` varchar(128) CHARACTER SET utf8 COLLATE utf8_general_ci NOT NULL,
  `ip_address` varchar(45) CHARACTER SET utf8 COLLATE utf8_general_ci NOT NULL,
  `timestamp` int(10) UNSIGNED NOT NULL DEFAULT 0,
  `data` blob NOT NULL,
  INDEX `ci_sessions_timestamp`(`timestamp`) USING BTREE
) ENGINE = InnoDB CHARACTER SET = utf8 COLLATE = utf8_general_ci ROW_FORMAT = Dynamic;

-- ----------------------------
-- Records of cbt_sessions
-- ----------------------------
INSERT INTO `cbt_sessions` VALUES ('r8bmutu6i2sflh0sho99uit2fb457tci', '::1', 1589430916, 0x5F5F63695F6C6173745F726567656E65726174657C693A313538393433303433373B6362745F757365725F69647C733A353A2261646D696E223B6362745F6E616D617C733A31323A224163686D6164204C75746669223B6362745F6C6576656C7C733A353A2261646D696E223B6362745F6F707369317C733A303A22223B6362745F6F707369327C733A303A22223B6362745F7465735F757365725F69647C733A343A226A6F6B6F223B6362745F7465735F6E616D617C733A31323A224A6F6B6F20537573616E746F223B6362745F7465735F67726F75707C733A353A225849204D4D223B6362745F7465735F67726F75705F69647C733A313A2235223B);
INSERT INTO `cbt_sessions` VALUES ('fifi6kt6t2nq4v8jd5bpigoromj4g7ns', '::1', 1589431137, 0x5F5F63695F6C6173745F726567656E65726174657C693A313538393433303932333B6362745F757365725F69647C733A353A2261646D696E223B6362745F6E616D617C733A31323A224163686D6164204C75746669223B6362745F6C6576656C7C733A353A2261646D696E223B6362745F6F707369317C733A303A22223B6362745F6F707369327C733A303A22223B6362745F7465735F757365725F69647C733A353A226C75746669223B6362745F7465735F6E616D617C733A32323A224D7568616D6D6164204C75746669616C2048616B696D223B6362745F7465735F67726F75707C733A353A225849204D4D223B6362745F7465735F67726F75705F69647C733A313A2235223B);
INSERT INTO `cbt_sessions` VALUES ('9hl5g037deemdtefmums79ad6qg01ikb', '::1', 1589431820, 0x5F5F63695F6C6173745F726567656E65726174657C693A313538393433313636313B6362745F757365725F69647C733A353A2261646D696E223B6362745F6E616D617C733A31323A224163686D6164204C75746669223B6362745F6C6576656C7C733A353A2261646D696E223B6362745F6F707369317C733A303A22223B6362745F6F707369327C733A303A22223B6362745F7465735F757365725F69647C733A343A226A6F6B6F223B6362745F7465735F6E616D617C733A31323A224A6F6B6F20537573616E746F223B6362745F7465735F67726F75707C733A353A225849204D4D223B6362745F7465735F67726F75705F69647C733A313A2235223B);
INSERT INTO `cbt_sessions` VALUES ('bv07bfij6nhgdagcsklg08tl0jq1rs8a', '::1', 1589432431, 0x5F5F63695F6C6173745F726567656E65726174657C693A313538393433323132303B6362745F757365725F69647C733A353A2261646D696E223B6362745F6E616D617C733A31323A224163686D6164204C75746669223B6362745F6C6576656C7C733A353A2261646D696E223B6362745F6F707369317C733A303A22223B6362745F6F707369327C733A303A22223B6362745F7465735F757365725F69647C733A343A226A6F6B6F223B6362745F7465735F6E616D617C733A31323A224A6F6B6F20537573616E746F223B6362745F7465735F67726F75707C733A353A225849204D4D223B6362745F7465735F67726F75705F69647C733A313A2235223B);
INSERT INTO `cbt_sessions` VALUES ('bkjtot9evpdketgmf5l7o1v8g9s21koe', '::1', 1589432632, 0x5F5F63695F6C6173745F726567656E65726174657C693A313538393433323433333B6362745F757365725F69647C733A353A2261646D696E223B6362745F6E616D617C733A31323A224163686D6164204C75746669223B6362745F6C6576656C7C733A353A2261646D696E223B6362745F6F707369317C733A303A22223B6362745F6F707369327C733A303A22223B6362745F7465735F757365725F69647C733A343A226A6F6B6F223B6362745F7465735F6E616D617C733A31323A224A6F6B6F20537573616E746F223B6362745F7465735F67726F75707C733A353A225849204D4D223B6362745F7465735F67726F75705F69647C733A313A2235223B);
INSERT INTO `cbt_sessions` VALUES ('dcqjtdduehi6pfl7jcokd3us2tcd57d0', '::1', 1589433693, 0x5F5F63695F6C6173745F726567656E65726174657C693A313538393433333435373B6362745F757365725F69647C733A353A2261646D696E223B6362745F6E616D617C733A31323A224163686D6164204C75746669223B6362745F6C6576656C7C733A353A2261646D696E223B6362745F6F707369317C733A303A22223B6362745F6F707369327C733A303A22223B);
INSERT INTO `cbt_sessions` VALUES ('8p6qnf03if78f57bo9qfkek4b98smbnh', '::1', 1611131562, 0x5F5F63695F6C6173745F726567656E65726174657C693A313631313133313536323B);
INSERT INTO `cbt_sessions` VALUES ('4m22bmibghmtg8k6ep6fqlp02u6cir1r', '::1', 1611131877, 0x5F5F63695F6C6173745F726567656E65726174657C693A313631313133313837373B6362745F757365725F69647C733A353A2261646D696E223B6362745F6E616D617C733A31323A224163686D6164204C75746669223B6362745F6C6576656C7C733A353A2261646D696E223B6362745F6F707369317C733A303A22223B6362745F6F707369327C733A303A22223B);
INSERT INTO `cbt_sessions` VALUES ('t3e46mvpggingqfbkiljlr4379igenfi', '::1', 1611132184, 0x5F5F63695F6C6173745F726567656E65726174657C693A313631313133323138343B6362745F757365725F69647C733A353A2261646D696E223B6362745F6E616D617C733A31323A224163686D6164204C75746669223B6362745F6C6576656C7C733A353A2261646D696E223B6362745F6F707369317C733A303A22223B6362745F6F707369327C733A303A22223B);
INSERT INTO `cbt_sessions` VALUES ('heulku1vcasqc8k5n8huq7r1vj6frfnf', '::1', 1611132491, 0x5F5F63695F6C6173745F726567656E65726174657C693A313631313133323439313B6362745F757365725F69647C733A383A226F70657261746F72223B6362745F6E616D617C733A383A224F70657261746F72223B6362745F6C6576656C7C733A31333A226F70657261746F722D736F616C223B6362745F6F707369317C733A303A22223B6362745F6F707369327C733A303A22223B);
INSERT INTO `cbt_sessions` VALUES ('uhuu6e6tgmig95daokb4c6q8e7tebjej', '::1', 1611132821, 0x5F5F63695F6C6173745F726567656E65726174657C693A313631313133323832313B6362745F7465735F757365725F69647C733A353A226C75746669223B6362745F7465735F6E616D617C733A32323A224D7568616D6D6164204C75746669616C2048616B696D223B6362745F7465735F67726F75707C733A353A225849204D4D223B6362745F7465735F67726F75705F69647C733A313A2235223B);
INSERT INTO `cbt_sessions` VALUES ('4736sj9vvgf538lkfi9slblilspsmctr', '::1', 1611133678, 0x5F5F63695F6C6173745F726567656E65726174657C693A313631313133333637383B6362745F7465735F757365725F69647C733A353A226C75746669223B6362745F7465735F6E616D617C733A32323A224D7568616D6D6164204C75746669616C2048616B696D223B6362745F7465735F67726F75707C733A353A225849204D4D223B6362745F7465735F67726F75705F69647C733A313A2235223B6362745F757365725F69647C733A353A2261646D696E223B6362745F6E616D617C733A31323A224163686D6164204C75746669223B6362745F6C6576656C7C733A353A2261646D696E223B6362745F6F707369317C733A303A22223B6362745F6F707369327C733A303A22223B);
INSERT INTO `cbt_sessions` VALUES ('9f8cqtr5elj2pbqliermflnpoia3tkql', '::1', 1611134072, 0x5F5F63695F6C6173745F726567656E65726174657C693A313631313133343037323B6362745F7465735F757365725F69647C733A353A226C75746669223B6362745F7465735F6E616D617C733A32323A224D7568616D6D6164204C75746669616C2048616B696D223B6362745F7465735F67726F75707C733A353A225849204D4D223B6362745F7465735F67726F75705F69647C733A313A2235223B6362745F757365725F69647C733A383A226F70657261746F72223B6362745F6E616D617C733A383A224F70657261746F72223B6362745F6C6576656C7C733A31333A226F70657261746F722D736F616C223B6362745F6F707369317C733A303A22223B6362745F6F707369327C733A303A22223B);
INSERT INTO `cbt_sessions` VALUES ('bv4mv5j65j3fsepq5m9jpes1sc1f6tlt', '::1', 1611134516, 0x5F5F63695F6C6173745F726567656E65726174657C693A313631313133343531363B6362745F7465735F757365725F69647C733A353A226C75746669223B6362745F7465735F6E616D617C733A32323A224D7568616D6D6164204C75746669616C2048616B696D223B6362745F7465735F67726F75707C733A353A225849204D4D223B6362745F7465735F67726F75705F69647C733A313A2235223B6362745F757365725F69647C733A353A2261646D696E223B6362745F6E616D617C733A31323A224163686D6164204C75746669223B6362745F6C6576656C7C733A353A2261646D696E223B6362745F6F707369317C733A303A22223B6362745F6F707369327C733A303A22223B);
INSERT INTO `cbt_sessions` VALUES ('82lplpoebmsvqepun7ip6jj44h6980gl', '::1', 1611134818, 0x5F5F63695F6C6173745F726567656E65726174657C693A313631313133343831383B6362745F7465735F757365725F69647C733A353A226C75746669223B6362745F7465735F6E616D617C733A32323A224D7568616D6D6164204C75746669616C2048616B696D223B6362745F7465735F67726F75707C733A353A225849204D4D223B6362745F7465735F67726F75705F69647C733A313A2235223B6362745F757365725F69647C733A383A226F70657261746F72223B6362745F6E616D617C733A383A224F70657261746F72223B6362745F6C6576656C7C733A31333A226F70657261746F722D736F616C223B6362745F6F707369317C733A303A22223B6362745F6F707369327C733A303A22223B);
INSERT INTO `cbt_sessions` VALUES ('i6vavuf571on39ei8m0gsutj3jqese98', '::1', 1611135338, 0x5F5F63695F6C6173745F726567656E65726174657C693A313631313133353333383B6362745F7465735F757365725F69647C733A353A226C75746669223B6362745F7465735F6E616D617C733A32323A224D7568616D6D6164204C75746669616C2048616B696D223B6362745F7465735F67726F75707C733A353A225849204D4D223B6362745F7465735F67726F75705F69647C733A313A2235223B);
INSERT INTO `cbt_sessions` VALUES ('3vt7m9001722463qd8tpq2gkfed9v3j5', '::1', 1611135133, 0x5F5F63695F6C6173745F726567656E65726174657C693A313631313133353133333B6362745F7465735F757365725F69647C733A353A226C75746669223B6362745F7465735F6E616D617C733A32323A224D7568616D6D6164204C75746669616C2048616B696D223B6362745F7465735F67726F75707C733A353A225849204D4D223B6362745F7465735F67726F75705F69647C733A313A2235223B6362745F757365725F69647C733A353A2261646D696E223B6362745F6E616D617C733A31323A224163686D6164204C75746669223B6362745F6C6576656C7C733A353A2261646D696E223B6362745F6F707369317C733A303A22223B6362745F6F707369327C733A303A22223B);
INSERT INTO `cbt_sessions` VALUES ('vk4pgdj5jhaptlnig3tj15ocghfbo825', '::1', 1611135667, 0x5F5F63695F6C6173745F726567656E65726174657C693A313631313133353636373B6362745F7465735F757365725F69647C733A353A226C75746669223B6362745F7465735F6E616D617C733A32323A224D7568616D6D6164204C75746669616C2048616B696D223B6362745F7465735F67726F75707C733A353A225849204D4D223B6362745F7465735F67726F75705F69647C733A313A2235223B6362745F757365725F69647C733A353A2261646D696E223B6362745F6E616D617C733A31323A224163686D6164204C75746669223B6362745F6C6576656C7C733A353A2261646D696E223B6362745F6F707369317C733A303A22223B6362745F6F707369327C733A303A22223B);
INSERT INTO `cbt_sessions` VALUES ('4l2aqrbflusi2b6hqk3rtp6esd10d6o1', '::1', 1611135646, 0x5F5F63695F6C6173745F726567656E65726174657C693A313631313133353634363B6362745F7465735F757365725F69647C733A353A226C75746669223B6362745F7465735F6E616D617C733A32323A224D7568616D6D6164204C75746669616C2048616B696D223B6362745F7465735F67726F75707C733A353A225849204D4D223B6362745F7465735F67726F75705F69647C733A313A2235223B);
INSERT INTO `cbt_sessions` VALUES ('2i066joh976rtkpnhlf27akp369bprqk', '::1', 1611135726, 0x5F5F63695F6C6173745F726567656E65726174657C693A313631313133353634363B6362745F7465735F757365725F69647C733A353A226C75746669223B6362745F7465735F6E616D617C733A32323A224D7568616D6D6164204C75746669616C2048616B696D223B6362745F7465735F67726F75707C733A393A22584949204950412033223B6362745F7465735F67726F75705F69647C733A313A2236223B);
INSERT INTO `cbt_sessions` VALUES ('70s2cg2g59ebjhoob2ct8c6j29jji6pb', '::1', 1611139468, 0x5F5F63695F6C6173745F726567656E65726174657C693A313631313133393436383B6362745F7465735F757365725F69647C733A353A226C75746669223B6362745F7465735F6E616D617C733A32323A224D7568616D6D6164204C75746669616C2048616B696D223B6362745F7465735F67726F75707C733A353A225849204D4D223B6362745F7465735F67726F75705F69647C733A313A2235223B6362745F757365725F69647C733A353A2261646D696E223B6362745F6E616D617C733A31323A224163686D6164204C75746669223B6362745F6C6576656C7C733A353A2261646D696E223B6362745F6F707369317C733A303A22223B6362745F6F707369327C733A303A22223B);
INSERT INTO `cbt_sessions` VALUES ('v5frq8h9h04bi7qi18q7048dv3utkphj', '::1', 1611140222, 0x5F5F63695F6C6173745F726567656E65726174657C693A313631313134303232323B6362745F7465735F757365725F69647C733A353A226C75746669223B6362745F7465735F6E616D617C733A32323A224D7568616D6D6164204C75746669616C2048616B696D223B6362745F7465735F67726F75707C733A353A225849204D4D223B6362745F7465735F67726F75705F69647C733A313A2235223B);
INSERT INTO `cbt_sessions` VALUES ('5m04ap4ujgu2775tft7pe6iquvk84bo1', '::1', 1611140557, 0x5F5F63695F6C6173745F726567656E65726174657C693A313631313134303535373B6362745F757365725F69647C733A383A227461727576697461223B6362745F6E616D617C733A383A227461727576697461223B6362745F6C6576656C7C733A31323A226F70657261746F722D746573223B6362745F6F707369317C733A303A22223B6362745F6F707369327C733A303A22223B);
INSERT INTO `cbt_sessions` VALUES ('a2fgsn9ju5k9217a40c0dnpvcqttkrp0', '::1', 1611140488, 0x5F5F63695F6C6173745F726567656E65726174657C693A313631313134303432383B6362745F7465735F757365725F69647C733A343A226A6F6B6F223B6362745F7465735F6E616D617C733A31323A224A6F6B6F20537573616E746F223B6362745F7465735F67726F75707C733A393A22584949204950412033223B6362745F7465735F67726F75705F69647C733A313A2236223B);
INSERT INTO `cbt_sessions` VALUES ('rdn38vn6s2fmqrgvji1gfrj0i6qcrilb', '::1', 1611140586, 0x5F5F63695F6C6173745F726567656E65726174657C693A313631313134303535373B6362745F757365725F69647C733A353A2261646D696E223B6362745F6E616D617C733A31323A224163686D6164204C75746669223B6362745F6C6576656C7C733A353A2261646D696E223B6362745F6F707369317C733A303A22223B6362745F6F707369327C733A303A22223B);
INSERT INTO `cbt_sessions` VALUES ('op4t1d5dr193dsq14sqvicp795a6fl2h', '::1', 1611193590, 0x5F5F63695F6C6173745F726567656E65726174657C693A313631313139333539303B6362745F757365725F69647C733A383A227461727576697461223B6362745F6E616D617C733A383A227461727576697461223B6362745F6C6576656C7C733A343A2247757275223B6362745F6F707369317C733A303A22223B6362745F6F707369327C733A303A22223B);
INSERT INTO `cbt_sessions` VALUES ('2nb9k8enrrqun61dk458c3ocfo1pnbe9', '::1', 1611193908, 0x5F5F63695F6C6173745F726567656E65726174657C693A313631313139333930383B6362745F757365725F69647C733A383A227461727576697461223B6362745F6E616D617C733A383A227461727576697461223B6362745F6C6576656C7C733A343A2247757275223B6362745F6F707369317C733A303A22223B6362745F6F707369327C733A303A22223B);
INSERT INTO `cbt_sessions` VALUES ('boa1lud43k25fr3mcvhd7f9gt7l08opn', '::1', 1611194262, 0x5F5F63695F6C6173745F726567656E65726174657C693A313631313139343236323B6362745F757365725F69647C733A383A227461727576697461223B6362745F6E616D617C733A383A227461727576697461223B6362745F6C6576656C7C733A343A2247757275223B6362745F6F707369317C733A303A22223B6362745F6F707369327C733A303A22223B);
INSERT INTO `cbt_sessions` VALUES ('gtcgs3uekh4dppf7qdsjmuavcpavh5bk', '::1', 1611194229, 0x5F5F63695F6C6173745F726567656E65726174657C693A313631313139343232393B6362745F7465735F757365725F69647C733A353A226C75746669223B6362745F7465735F6E616D617C733A32323A224D7568616D6D6164204C75746669616C2048616B696D223B6362745F7465735F67726F75707C733A393A22584949204950412033223B6362745F7465735F67726F75705F69647C733A313A2236223B);
INSERT INTO `cbt_sessions` VALUES ('f4bq5pvko2i4jed6viso6d8bqjj3kjnt', '::1', 1611194561, 0x5F5F63695F6C6173745F726567656E65726174657C693A313631313139343536313B6362745F7465735F757365725F69647C733A353A226C75746669223B6362745F7465735F6E616D617C733A32323A224D7568616D6D6164204C75746669616C2048616B696D223B6362745F7465735F67726F75707C733A393A22584949204950412033223B6362745F7465735F67726F75705F69647C733A313A2236223B);
INSERT INTO `cbt_sessions` VALUES ('1fhff8v2nn2fu796v598fgrugg79jsbq', '::1', 1611194689, 0x5F5F63695F6C6173745F726567656E65726174657C693A313631313139343638393B6362745F757365725F69647C733A383A227461727576697461223B6362745F6E616D617C733A383A227461727576697461223B6362745F6C6576656C7C733A343A2247757275223B6362745F6F707369317C733A303A22223B6362745F6F707369327C733A303A22223B);
INSERT INTO `cbt_sessions` VALUES ('6qh8t2q93kpncmpq5ifssqg7grihebjo', '::1', 1611195575, 0x5F5F63695F6C6173745F726567656E65726174657C693A313631313139353537353B6362745F7465735F757365725F69647C733A353A226C75746669223B6362745F7465735F6E616D617C733A32323A224D7568616D6D6164204C75746669616C2048616B696D223B6362745F7465735F67726F75707C733A393A22584949204950412033223B6362745F7465735F67726F75705F69647C733A313A2236223B);
INSERT INTO `cbt_sessions` VALUES ('85vg13sumll067uomb9npli8jbuspj1q', '::1', 1611195579, 0x5F5F63695F6C6173745F726567656E65726174657C693A313631313139353537393B6362745F757365725F69647C733A383A227461727576697461223B6362745F6E616D617C733A383A227461727576697461223B6362745F6C6576656C7C733A343A2247757275223B6362745F6F707369317C733A303A22223B6362745F6F707369327C733A303A22223B);
INSERT INTO `cbt_sessions` VALUES ('7s5q34mddq77fkk6tetd2v8646hq79r2', '::1', 1611195995, 0x5F5F63695F6C6173745F726567656E65726174657C693A313631313139353939353B6362745F7465735F757365725F69647C733A353A226C75746669223B6362745F7465735F6E616D617C733A32323A224D7568616D6D6164204C75746669616C2048616B696D223B6362745F7465735F67726F75707C733A393A22584949204950412033223B6362745F7465735F67726F75705F69647C733A313A2236223B);
INSERT INTO `cbt_sessions` VALUES ('3k7hokjdglbu0hqm9ac6llr1n9kqrj64', '::1', 1611195984, 0x5F5F63695F6C6173745F726567656E65726174657C693A313631313139353938343B6362745F757365725F69647C733A383A227461727576697461223B6362745F6E616D617C733A383A227461727576697461223B6362745F6C6576656C7C733A343A2247757275223B6362745F6F707369317C733A303A22223B6362745F6F707369327C733A303A22223B);
INSERT INTO `cbt_sessions` VALUES ('b0g8nvrosmbu64hiavrg4ebs7qeb601j', '::1', 1611195985, 0x5F5F63695F6C6173745F726567656E65726174657C693A313631313139353938343B);
INSERT INTO `cbt_sessions` VALUES ('2ilshe7mkla9bkmj8dt5mkfvvtl23osq', '::1', 1611195995, 0x5F5F63695F6C6173745F726567656E65726174657C693A313631313139353939353B);
INSERT INTO `cbt_sessions` VALUES ('eeudjbd6blmm2br0k1h2ekcvm9as3rdb', '::1', 1611222239, 0x5F5F63695F6C6173745F726567656E65726174657C693A313631313232323233393B6362745F757365725F69647C733A383A227461727576697461223B6362745F6E616D617C733A383A227461727576697461223B6362745F6C6576656C7C733A343A2247757275223B6362745F6F707369317C733A303A22223B6362745F6F707369327C733A303A22223B);
INSERT INTO `cbt_sessions` VALUES ('b54lhcitm3aa4uqb97jh9dljhfb6gfdp', '::1', 1611222605, 0x5F5F63695F6C6173745F726567656E65726174657C693A313631313232323630353B6362745F757365725F69647C733A383A227461727576697461223B6362745F6E616D617C733A383A227461727576697461223B6362745F6C6576656C7C733A343A2247757275223B6362745F6F707369317C733A303A22223B6362745F6F707369327C733A303A22223B);
INSERT INTO `cbt_sessions` VALUES ('rqovc54ql0gnovhudhjjgrekjhg0j26h', '::1', 1611222920, 0x5F5F63695F6C6173745F726567656E65726174657C693A313631313232323932303B);
INSERT INTO `cbt_sessions` VALUES ('fng4dhd5bh5m0s5jaiidgqc9ferqc86f', '::1', 1611223222, 0x5F5F63695F6C6173745F726567656E65726174657C693A313631313232333232323B6362745F7573657269647C733A313A2236223B6362745F757365725F69647C733A383A227461727576697461223B6362745F6E616D617C733A383A227461727576697461223B6362745F6C6576656C7C733A343A2247757275223B6362745F6F707369317C733A303A22223B6362745F6F707369327C733A303A22223B7C4E3B);
INSERT INTO `cbt_sessions` VALUES ('sqsgacfil5ptutlsm9f7jllkpdkkgodc', '::1', 1611223699, 0x5F5F63695F6C6173745F726567656E65726174657C693A313631313232333639393B6362745F7573657269647C733A313A2236223B6362745F757365725F69647C733A383A227461727576697461223B6362745F6E616D617C733A383A227461727576697461223B6362745F6C6576656C7C733A343A2247757275223B6362745F6F707369317C733A303A22223B6362745F6F707369327C733A303A22223B7C4E3B);
INSERT INTO `cbt_sessions` VALUES ('frted8pr2k7626a10jn3gsulsgrh8oho', '::1', 1611223737, 0x5F5F63695F6C6173745F726567656E65726174657C693A313631313232333639393B6362745F7573657269647C733A313A2236223B7C4E3B);

-- ----------------------------
-- Table structure for cbt_soal
-- ----------------------------
DROP TABLE IF EXISTS `cbt_soal`;
CREATE TABLE `cbt_soal`  (
  `soal_id` bigint(20) UNSIGNED NOT NULL AUTO_INCREMENT,
  `soal_topik_id` bigint(20) UNSIGNED NOT NULL,
  `soal_detail` text CHARACTER SET utf8 COLLATE utf8_unicode_ci NOT NULL,
  `soal_tipe` smallint(3) UNSIGNED NOT NULL DEFAULT 1 COMMENT '1=Pilihan ganda, 2=essay, 3=jawaban singkat',
  `soal_kunci` text CHARACTER SET utf8 COLLATE utf8_unicode_ci NULL COMMENT 'Kunci untuk soal jawaban singkat',
  `soal_difficulty` smallint(6) NOT NULL DEFAULT 1,
  `soal_aktif` tinyint(1) NOT NULL DEFAULT 0,
  `soal_audio` varchar(200) CHARACTER SET utf8 COLLATE utf8_unicode_ci NULL DEFAULT NULL,
  `soal_audio_play` int(11) NOT NULL DEFAULT 0,
  `soal_timer` smallint(10) NULL DEFAULT NULL,
  `soal_inline_answers` tinyint(1) NOT NULL DEFAULT 0,
  `soal_auto_next` tinyint(1) NOT NULL DEFAULT 0,
  PRIMARY KEY (`soal_id`) USING BTREE,
  INDEX `p_question_subject_id`(`soal_topik_id`) USING BTREE,
  CONSTRAINT `cbt_soal_ibfk_1` FOREIGN KEY (`soal_topik_id`) REFERENCES `cbt_topik` (`topik_id`) ON DELETE CASCADE ON UPDATE NO ACTION
) ENGINE = InnoDB AUTO_INCREMENT = 221 CHARACTER SET = utf8 COLLATE = utf8_unicode_ci ROW_FORMAT = Dynamic;

-- ----------------------------
-- Records of cbt_soal
-- ----------------------------
INSERT INTO `cbt_soal` VALUES (53, 7, 'Apakah kepanjangan dari SMK ?', 1, NULL, 1, 1, NULL, 1, NULL, 0, 0);
INSERT INTO `cbt_soal` VALUES (54, 7, '<p>Nama salah satu Mall yang ada di kota genteng adalah ...<br></p>', 1, NULL, 1, 1, NULL, 1, NULL, 0, 0);
INSERT INTO `cbt_soal` VALUES (55, 7, '<p>Siapakah nama tokoh berikut ?</p><p><img src=\"[base_url]uploads/topik_7/soekarno.jpg\" style=\"max-width: 600px;\"><br></p>', 1, NULL, 1, 1, NULL, 1, NULL, 0, 0);
INSERT INTO `cbt_soal` VALUES (56, 7, '<p>Siapakah vokalis band NOAH ?<br></p>', 1, NULL, 1, 1, NULL, 1, NULL, 0, 0);
INSERT INTO `cbt_soal` VALUES (57, 7, '<p>Tanggal berapakah hari raya Idul Fitri ?</p>\r\n', 1, NULL, 1, 1, NULL, 1, NULL, 0, 0);
INSERT INTO `cbt_soal` VALUES (61, 7, 'Jelaskan apa yang dimaksud dengan Jomblo ?', 2, NULL, 1, 1, NULL, 1, NULL, 0, 0);
INSERT INTO `cbt_soal` VALUES (62, 7, '<p>PT. Tiar Perkasa ingin melebarkan sayap usaha di bidang kuliner.</p><p>Dari pernyataan tersebut, sebutkan siapa kekasih mas Tiar ?</p>', 2, NULL, 1, 1, NULL, 1, NULL, 0, 0);
INSERT INTO `cbt_soal` VALUES (63, 7, '<p>Jelaskan kenapa Liverpool FC susah sekali untuk juara Premiere Leage !</p>\r\n', 2, NULL, 1, 1, NULL, 1, NULL, 0, 0);
INSERT INTO `cbt_soal` VALUES (64, 7, '<p>Apakah judul lagu berikut ini?</p>', 1, NULL, 1, 1, 'naff_-_akhirnya_ku_menemukanmu.mp3', 1, NULL, 0, 0);
INSERT INTO `cbt_soal` VALUES (161, 7, '<p>Jelaskan arti poster dibawah ini ?</p>\r\n\r\n<p><img src=\"[base_url]uploads/topik_7/5a49b252e7aea.jpeg\" style=\"height:283px; width:300px\" /></p>\r\n', 1, NULL, 1, 1, NULL, 0, NULL, 0, 0);
INSERT INTO `cbt_soal` VALUES (214, 7, '<p>Berapakah 5x10 ?</p>\r\n', 3, '50', 1, 1, NULL, 0, NULL, 0, 0);
INSERT INTO `cbt_soal` VALUES (215, 7, '<p>Siapakah dia</p>\r\n', 3, 'Dia adalah manusia', 1, 1, NULL, 0, NULL, 0, 0);
INSERT INTO `cbt_soal` VALUES (216, 8, '<p>Siapakah Penemu Thomas Alfa Edison</p>\r\n', 3, 'Bapak kau', 1, 1, NULL, 0, NULL, 0, 0);
INSERT INTO `cbt_soal` VALUES (217, 8, '<p>Siapakah dia??</p>\r\n', 3, 'Aku tidak tau', 1, 1, NULL, 0, NULL, 0, 0);
INSERT INTO `cbt_soal` VALUES (218, 7, '<p>Siapakah dia??</p>\r\n', 2, '', 1, 1, NULL, 0, NULL, 0, 0);
INSERT INTO `cbt_soal` VALUES (219, 9, '<p>Siapa nama asli sekarno?</p>\r\n', 2, '', 1, 1, NULL, 0, NULL, 0, 0);
INSERT INTO `cbt_soal` VALUES (220, 9, '<p>siapa istri soekarno?</p>\r\n', 3, 'sukmawati', 1, 1, NULL, 0, NULL, 0, 0);

-- ----------------------------
-- Table structure for cbt_tes
-- ----------------------------
DROP TABLE IF EXISTS `cbt_tes`;
CREATE TABLE `cbt_tes`  (
  `tes_id` bigint(20) UNSIGNED NOT NULL AUTO_INCREMENT,
  `tes_nama` varchar(255) CHARACTER SET utf8 COLLATE utf8_unicode_ci NOT NULL,
  `tes_detail` text CHARACTER SET utf8 COLLATE utf8_unicode_ci NOT NULL,
  `tes_begin_time` datetime(0) NULL DEFAULT NULL,
  `tes_end_time` datetime(0) NULL DEFAULT NULL,
  `tes_duration_time` smallint(10) UNSIGNED NOT NULL DEFAULT 0,
  `tes_ip_range` varchar(255) CHARACTER SET utf8 COLLATE utf8_unicode_ci NOT NULL DEFAULT '*.*.*.*',
  `tes_results_to_users` tinyint(1) NOT NULL DEFAULT 0,
  `tes_detail_to_users` tinyint(1) NOT NULL DEFAULT 0,
  `tes_score_right` decimal(10, 2) NULL DEFAULT 1,
  `tes_score_wrong` decimal(10, 2) NULL DEFAULT 0,
  `tes_score_unanswered` decimal(10, 2) NULL DEFAULT 0,
  `tes_max_score` decimal(10, 2) NOT NULL DEFAULT 0,
  `tes_token` tinyint(1) NULL DEFAULT 0,
  PRIMARY KEY (`tes_id`) USING BTREE,
  UNIQUE INDEX `ak_test_name`(`tes_nama`) USING BTREE
) ENGINE = InnoDB AUTO_INCREMENT = 8 CHARACTER SET = utf8 COLLATE = utf8_unicode_ci ROW_FORMAT = Dynamic;

-- ----------------------------
-- Records of cbt_tes
-- ----------------------------
INSERT INTO `cbt_tes` VALUES (4, 'Tes Uji Coba', 'Tes Uji Coba', '2020-05-14 10:47:00', '2020-05-15 10:47:00', 30, '*.*.*.*', 1, 0, 1.00, 0.00, 0.00, 10.00, 1);
INSERT INTO `cbt_tes` VALUES (6, 'Kuis Sejarah 1', 'Kuis Sejarah 1', '2021-01-13 16:37:00', '2021-01-21 16:37:00', 60, '*.*.*.*', 1, 0, 1.00, 0.00, 0.00, 2.00, 1);
INSERT INTO `cbt_tes` VALUES (7, 'Ujian Harian Sejarah', 'Ujian Harian Sejarah', '2021-01-21 08:47:00', '2021-01-22 08:47:00', 30, '*.*.*.*', 1, 0, 1.00, 0.00, 0.00, 2.00, 0);

-- ----------------------------
-- Table structure for cbt_tes_soal
-- ----------------------------
DROP TABLE IF EXISTS `cbt_tes_soal`;
CREATE TABLE `cbt_tes_soal`  (
  `tessoal_id` bigint(20) UNSIGNED NOT NULL AUTO_INCREMENT,
  `tessoal_tesuser_id` bigint(20) UNSIGNED NOT NULL,
  `tessoal_user_ip` varchar(39) CHARACTER SET utf8 COLLATE utf8_unicode_ci NULL DEFAULT NULL,
  `tessoal_soal_id` bigint(20) UNSIGNED NOT NULL,
  `tessoal_jawaban_text` text CHARACTER SET utf8 COLLATE utf8_unicode_ci NULL,
  `tessoal_nilai` decimal(10, 2) NULL DEFAULT NULL,
  `tessoal_creation_time` datetime(0) NULL DEFAULT NULL,
  `tessoal_display_time` datetime(0) NULL DEFAULT NULL,
  `tessoal_change_time` datetime(0) NULL DEFAULT NULL,
  `tessoal_reaction_time` bigint(20) UNSIGNED NOT NULL DEFAULT 0,
  `tessoal_ragu` int(1) NOT NULL DEFAULT 0 COMMENT '1=ragu, 0=tidak ragu',
  `tessoal_order` smallint(6) NOT NULL DEFAULT 1,
  `tessoal_num_answers` smallint(5) UNSIGNED NOT NULL DEFAULT 0,
  `tessoal_comment` text CHARACTER SET utf8 COLLATE utf8_unicode_ci NULL,
  `tessoal_audio_play` int(11) NOT NULL DEFAULT 0,
  PRIMARY KEY (`tessoal_id`) USING BTREE,
  UNIQUE INDEX `ak_testuser_question`(`tessoal_tesuser_id`, `tessoal_soal_id`) USING BTREE,
  INDEX `p_testlog_question_id`(`tessoal_soal_id`) USING BTREE,
  INDEX `p_testlog_testuser_id`(`tessoal_tesuser_id`) USING BTREE,
  CONSTRAINT `cbt_tes_soal_ibfk_1` FOREIGN KEY (`tessoal_tesuser_id`) REFERENCES `cbt_tes_user` (`tesuser_id`) ON DELETE CASCADE ON UPDATE NO ACTION,
  CONSTRAINT `cbt_tes_soal_ibfk_2` FOREIGN KEY (`tessoal_soal_id`) REFERENCES `cbt_soal` (`soal_id`) ON DELETE RESTRICT ON UPDATE NO ACTION
) ENGINE = InnoDB AUTO_INCREMENT = 59 CHARACTER SET = utf8 COLLATE = utf8_unicode_ci ROW_FORMAT = Dynamic;

-- ----------------------------
-- Records of cbt_tes_soal
-- ----------------------------
INSERT INTO `cbt_tes_soal` VALUES (1, 1, NULL, 62, NULL, 0.00, '2020-05-13 19:27:30', '2020-05-13 19:27:30', NULL, 0, 0, 1, 0, NULL, 0);
INSERT INTO `cbt_tes_soal` VALUES (2, 1, NULL, 57, NULL, 0.00, '2020-05-13 19:27:30', NULL, NULL, 0, 0, 2, 0, NULL, 0);
INSERT INTO `cbt_tes_soal` VALUES (3, 1, NULL, 161, NULL, 0.00, '2020-05-13 19:27:30', NULL, NULL, 0, 0, 3, 0, NULL, 0);
INSERT INTO `cbt_tes_soal` VALUES (4, 1, NULL, 54, NULL, 0.00, '2020-05-13 19:27:30', NULL, NULL, 0, 0, 4, 0, NULL, 0);
INSERT INTO `cbt_tes_soal` VALUES (5, 1, NULL, 63, NULL, 0.00, '2020-05-13 19:27:30', '2020-05-13 19:42:18', NULL, 0, 0, 5, 0, NULL, 0);
INSERT INTO `cbt_tes_soal` VALUES (6, 1, NULL, 53, NULL, 0.00, '2020-05-13 19:27:30', NULL, NULL, 0, 0, 6, 0, NULL, 0);
INSERT INTO `cbt_tes_soal` VALUES (7, 1, NULL, 55, NULL, 1.00, '2020-05-13 19:27:30', '2020-05-13 19:42:20', '2020-05-13 19:42:25', 0, 0, 7, 0, NULL, 0);
INSERT INTO `cbt_tes_soal` VALUES (8, 1, NULL, 56, NULL, 0.00, '2020-05-13 19:27:30', NULL, NULL, 0, 0, 8, 0, NULL, 0);
INSERT INTO `cbt_tes_soal` VALUES (9, 1, NULL, 214, NULL, 0.00, '2020-05-13 19:27:30', NULL, NULL, 0, 0, 9, 0, NULL, 0);
INSERT INTO `cbt_tes_soal` VALUES (10, 1, NULL, 61, NULL, 0.00, '2020-05-13 19:27:30', NULL, NULL, 0, 0, 10, 0, NULL, 0);
INSERT INTO `cbt_tes_soal` VALUES (51, 6, NULL, 216, 'aku tahu', 0.00, '2021-01-20 16:41:16', '2021-01-20 16:41:48', '2021-01-20 16:41:26', 0, 0, 1, 0, NULL, 0);
INSERT INTO `cbt_tes_soal` VALUES (52, 6, NULL, 217, 'aku tidak tahu', 0.00, '2021-01-20 16:41:16', '2021-01-20 16:41:50', '2021-01-20 16:41:40', 0, 0, 2, 0, NULL, 0);
INSERT INTO `cbt_tes_soal` VALUES (53, 7, NULL, 216, 'Bapak kau', 1.00, '2021-01-20 18:01:09', '2021-01-20 18:01:10', '2021-01-20 18:01:16', 0, 0, 1, 0, NULL, 0);
INSERT INTO `cbt_tes_soal` VALUES (54, 7, NULL, 217, 'aku tak tahu', 0.00, '2021-01-20 18:01:09', '2021-01-20 18:01:18', '2021-01-20 18:01:22', 0, 0, 2, 0, NULL, 0);
INSERT INTO `cbt_tes_soal` VALUES (55, 8, NULL, 219, 'Ir. Soekarno', 1.00, '2021-01-21 08:54:33', '2021-01-21 08:55:12', '2021-01-21 08:55:19', 0, 0, 1, 0, 'Sudah di koreksi taruvita', 0);
INSERT INTO `cbt_tes_soal` VALUES (56, 8, NULL, 220, 'sukmawati', 1.00, '2021-01-21 08:54:33', '2021-01-21 08:55:21', '2021-01-21 08:55:25', 0, 0, 2, 0, NULL, 0);
INSERT INTO `cbt_tes_soal` VALUES (57, 9, NULL, 220, 'sukmawati', 1.00, '2021-01-21 08:57:11', '2021-01-21 08:57:11', '2021-01-21 08:57:27', 0, 0, 1, 0, NULL, 0);
INSERT INTO `cbt_tes_soal` VALUES (58, 9, NULL, 219, 'Ir. Soekarno', 0.00, '2021-01-21 08:57:11', '2021-01-21 08:57:28', '2021-01-21 08:57:33', 0, 0, 2, 0, 'Sudah di koreksi taruvita', 0);

-- ----------------------------
-- Table structure for cbt_tes_soal_jawaban
-- ----------------------------
DROP TABLE IF EXISTS `cbt_tes_soal_jawaban`;
CREATE TABLE `cbt_tes_soal_jawaban`  (
  `soaljawaban_tessoal_id` bigint(20) UNSIGNED NOT NULL,
  `soaljawaban_jawaban_id` bigint(20) UNSIGNED NOT NULL,
  `soaljawaban_selected` smallint(6) NOT NULL DEFAULT -1,
  `soaljawaban_order` smallint(6) NOT NULL DEFAULT 1,
  `soaljawaban_position` bigint(20) UNSIGNED NULL DEFAULT NULL,
  PRIMARY KEY (`soaljawaban_tessoal_id`, `soaljawaban_jawaban_id`) USING BTREE,
  INDEX `p_logansw_answer_id`(`soaljawaban_jawaban_id`) USING BTREE,
  INDEX `p_logansw_testlog_id`(`soaljawaban_tessoal_id`) USING BTREE,
  CONSTRAINT `cbt_tes_soal_jawaban_ibfk_1` FOREIGN KEY (`soaljawaban_tessoal_id`) REFERENCES `cbt_tes_soal` (`tessoal_id`) ON DELETE CASCADE ON UPDATE NO ACTION,
  CONSTRAINT `cbt_tes_soal_jawaban_ibfk_2` FOREIGN KEY (`soaljawaban_jawaban_id`) REFERENCES `cbt_jawaban` (`jawaban_id`) ON DELETE RESTRICT ON UPDATE NO ACTION
) ENGINE = InnoDB CHARACTER SET = utf8 COLLATE = utf8_unicode_ci ROW_FORMAT = Dynamic;

-- ----------------------------
-- Records of cbt_tes_soal_jawaban
-- ----------------------------
INSERT INTO `cbt_tes_soal_jawaban` VALUES (2, 186, 0, 3, NULL);
INSERT INTO `cbt_tes_soal_jawaban` VALUES (2, 187, 0, 2, NULL);
INSERT INTO `cbt_tes_soal_jawaban` VALUES (2, 188, 0, 4, NULL);
INSERT INTO `cbt_tes_soal_jawaban` VALUES (2, 189, 0, 1, NULL);
INSERT INTO `cbt_tes_soal_jawaban` VALUES (2, 190, 0, 5, NULL);
INSERT INTO `cbt_tes_soal_jawaban` VALUES (3, 621, 0, 3, NULL);
INSERT INTO `cbt_tes_soal_jawaban` VALUES (3, 622, 0, 1, NULL);
INSERT INTO `cbt_tes_soal_jawaban` VALUES (3, 623, 0, 2, NULL);
INSERT INTO `cbt_tes_soal_jawaban` VALUES (3, 624, 0, 4, NULL);
INSERT INTO `cbt_tes_soal_jawaban` VALUES (3, 625, 0, 5, NULL);
INSERT INTO `cbt_tes_soal_jawaban` VALUES (4, 201, 0, 4, NULL);
INSERT INTO `cbt_tes_soal_jawaban` VALUES (4, 202, 0, 3, NULL);
INSERT INTO `cbt_tes_soal_jawaban` VALUES (4, 203, 0, 2, NULL);
INSERT INTO `cbt_tes_soal_jawaban` VALUES (4, 204, 0, 1, NULL);
INSERT INTO `cbt_tes_soal_jawaban` VALUES (4, 205, 0, 5, NULL);
INSERT INTO `cbt_tes_soal_jawaban` VALUES (6, 206, 0, 3, NULL);
INSERT INTO `cbt_tes_soal_jawaban` VALUES (6, 207, 0, 2, NULL);
INSERT INTO `cbt_tes_soal_jawaban` VALUES (6, 208, 0, 1, NULL);
INSERT INTO `cbt_tes_soal_jawaban` VALUES (6, 209, 0, 4, NULL);
INSERT INTO `cbt_tes_soal_jawaban` VALUES (6, 210, 0, 5, NULL);
INSERT INTO `cbt_tes_soal_jawaban` VALUES (7, 196, 1, 4, NULL);
INSERT INTO `cbt_tes_soal_jawaban` VALUES (7, 197, 0, 5, NULL);
INSERT INTO `cbt_tes_soal_jawaban` VALUES (7, 198, 0, 2, NULL);
INSERT INTO `cbt_tes_soal_jawaban` VALUES (7, 199, 0, 3, NULL);
INSERT INTO `cbt_tes_soal_jawaban` VALUES (7, 200, 0, 1, NULL);
INSERT INTO `cbt_tes_soal_jawaban` VALUES (8, 191, 0, 3, NULL);
INSERT INTO `cbt_tes_soal_jawaban` VALUES (8, 192, 0, 2, NULL);
INSERT INTO `cbt_tes_soal_jawaban` VALUES (8, 193, 0, 1, NULL);
INSERT INTO `cbt_tes_soal_jawaban` VALUES (8, 194, 0, 4, NULL);
INSERT INTO `cbt_tes_soal_jawaban` VALUES (8, 195, 0, 5, NULL);

-- ----------------------------
-- Table structure for cbt_tes_token
-- ----------------------------
DROP TABLE IF EXISTS `cbt_tes_token`;
CREATE TABLE `cbt_tes_token`  (
  `token_id` int(11) NOT NULL AUTO_INCREMENT,
  `token_isi` varchar(20) CHARACTER SET latin1 COLLATE latin1_swedish_ci NOT NULL,
  `token_user_id` int(11) NOT NULL,
  `token_ts` timestamp(0) NOT NULL DEFAULT current_timestamp(0),
  `token_aktif` int(11) NOT NULL DEFAULT 1 COMMENT 'Umur Token dalam menit, 1 = 1 hari penuh',
  `token_tes_id` bigint(20) NOT NULL DEFAULT 0,
  PRIMARY KEY (`token_id`) USING BTREE,
  INDEX `token_user_id`(`token_user_id`) USING BTREE,
  CONSTRAINT `cbt_tes_token_ibfk_1` FOREIGN KEY (`token_user_id`) REFERENCES `user` (`id`) ON DELETE CASCADE ON UPDATE CASCADE
) ENGINE = InnoDB AUTO_INCREMENT = 30 CHARACTER SET = latin1 COLLATE = latin1_swedish_ci ROW_FORMAT = Dynamic;

-- ----------------------------
-- Records of cbt_tes_token
-- ----------------------------
INSERT INTO `cbt_tes_token` VALUES (25, '581FB2', 1, '2021-01-20 16:24:21', 1, 0);
INSERT INTO `cbt_tes_token` VALUES (26, '7ABCC9', 1, '2021-01-20 16:41:11', 1, 6);

-- ----------------------------
-- Table structure for cbt_tes_topik_set
-- ----------------------------
DROP TABLE IF EXISTS `cbt_tes_topik_set`;
CREATE TABLE `cbt_tes_topik_set`  (
  `tset_id` bigint(20) UNSIGNED NOT NULL AUTO_INCREMENT,
  `tset_tes_id` bigint(20) UNSIGNED NOT NULL,
  `tset_topik_id` bigint(20) UNSIGNED NOT NULL,
  `tset_tipe` smallint(6) NOT NULL DEFAULT 1,
  `tset_difficulty` smallint(6) NOT NULL DEFAULT 1,
  `tset_jumlah` smallint(6) NOT NULL DEFAULT 1,
  `tset_jawaban` smallint(6) NOT NULL DEFAULT 0,
  `tset_acak_jawaban` int(11) NOT NULL DEFAULT 1,
  `tset_acak_soal` int(11) NOT NULL DEFAULT 1,
  PRIMARY KEY (`tset_id`) USING BTREE,
  INDEX `p_tsubset_test_id`(`tset_tes_id`) USING BTREE,
  INDEX `tsubset_subject_id`(`tset_topik_id`) USING BTREE,
  CONSTRAINT `cbt_tes_topik_set_ibfk_1` FOREIGN KEY (`tset_tes_id`) REFERENCES `cbt_tes` (`tes_id`) ON DELETE CASCADE ON UPDATE NO ACTION,
  CONSTRAINT `cbt_tes_topik_set_ibfk_2` FOREIGN KEY (`tset_topik_id`) REFERENCES `cbt_topik` (`topik_id`) ON DELETE RESTRICT ON UPDATE NO ACTION
) ENGINE = InnoDB AUTO_INCREMENT = 8 CHARACTER SET = utf8 COLLATE = utf8_unicode_ci ROW_FORMAT = Dynamic;

-- ----------------------------
-- Records of cbt_tes_topik_set
-- ----------------------------
INSERT INTO `cbt_tes_topik_set` VALUES (4, 4, 7, 0, 1, 10, 5, 1, 1);
INSERT INTO `cbt_tes_topik_set` VALUES (6, 6, 8, 0, 1, 2, 3, 1, 1);
INSERT INTO `cbt_tes_topik_set` VALUES (7, 7, 9, 0, 1, 2, 3, 1, 1);

-- ----------------------------
-- Table structure for cbt_tes_user
-- ----------------------------
DROP TABLE IF EXISTS `cbt_tes_user`;
CREATE TABLE `cbt_tes_user`  (
  `tesuser_id` bigint(20) UNSIGNED NOT NULL AUTO_INCREMENT,
  `tesuser_tes_id` bigint(20) UNSIGNED NOT NULL,
  `tesuser_user_id` bigint(20) UNSIGNED NOT NULL,
  `tesuser_status` smallint(5) UNSIGNED NOT NULL DEFAULT 0,
  `tesuser_creation_time` datetime(0) NOT NULL,
  `tesuser_comment` text CHARACTER SET utf8 COLLATE utf8_unicode_ci NULL,
  `tesuser_token` varchar(10) CHARACTER SET utf8 COLLATE utf8_unicode_ci NULL DEFAULT NULL,
  PRIMARY KEY (`tesuser_id`) USING BTREE,
  UNIQUE INDEX `ak_testuser`(`tesuser_tes_id`, `tesuser_user_id`, `tesuser_status`) USING BTREE,
  INDEX `p_testuser_user_id`(`tesuser_user_id`) USING BTREE,
  INDEX `p_testuser_test_id`(`tesuser_tes_id`) USING BTREE,
  CONSTRAINT `cbt_tes_user_ibfk_1` FOREIGN KEY (`tesuser_tes_id`) REFERENCES `cbt_tes` (`tes_id`) ON DELETE CASCADE ON UPDATE RESTRICT,
  CONSTRAINT `cbt_tes_user_ibfk_2` FOREIGN KEY (`tesuser_user_id`) REFERENCES `cbt_user` (`user_id`) ON DELETE CASCADE ON UPDATE NO ACTION
) ENGINE = InnoDB AUTO_INCREMENT = 10 CHARACTER SET = utf8 COLLATE = utf8_unicode_ci ROW_FORMAT = Dynamic;

-- ----------------------------
-- Records of cbt_tes_user
-- ----------------------------
INSERT INTO `cbt_tes_user` VALUES (1, 4, 1, 4, '2020-05-13 19:27:30', NULL, 'B36C33');
INSERT INTO `cbt_tes_user` VALUES (6, 6, 1, 4, '2021-01-20 16:41:16', NULL, '7ABCC9');
INSERT INTO `cbt_tes_user` VALUES (7, 6, 2, 4, '2021-01-20 18:01:09', NULL, '8B612F');
INSERT INTO `cbt_tes_user` VALUES (8, 7, 2, 4, '2021-01-21 08:54:33', NULL, NULL);
INSERT INTO `cbt_tes_user` VALUES (9, 7, 1, 4, '2021-01-21 08:57:11', NULL, NULL);

-- ----------------------------
-- Table structure for cbt_tesgrup
-- ----------------------------
DROP TABLE IF EXISTS `cbt_tesgrup`;
CREATE TABLE `cbt_tesgrup`  (
  `tstgrp_tes_id` bigint(20) UNSIGNED NOT NULL,
  `tstgrp_grup_id` bigint(20) UNSIGNED NOT NULL,
  PRIMARY KEY (`tstgrp_tes_id`, `tstgrp_grup_id`) USING BTREE,
  INDEX `p_tstgrp_test_id`(`tstgrp_tes_id`) USING BTREE,
  INDEX `p_tstgrp_group_id`(`tstgrp_grup_id`) USING BTREE,
  CONSTRAINT `cbt_tesgrup_ibfk_1` FOREIGN KEY (`tstgrp_tes_id`) REFERENCES `cbt_tes` (`tes_id`) ON DELETE CASCADE ON UPDATE NO ACTION,
  CONSTRAINT `cbt_tesgrup_ibfk_2` FOREIGN KEY (`tstgrp_grup_id`) REFERENCES `cbt_user_grup` (`grup_id`) ON DELETE CASCADE ON UPDATE NO ACTION
) ENGINE = InnoDB CHARACTER SET = utf8 COLLATE = utf8_unicode_ci ROW_FORMAT = Dynamic;

-- ----------------------------
-- Records of cbt_tesgrup
-- ----------------------------
INSERT INTO `cbt_tesgrup` VALUES (4, 5);
INSERT INTO `cbt_tesgrup` VALUES (6, 6);
INSERT INTO `cbt_tesgrup` VALUES (7, 6);

-- ----------------------------
-- Table structure for cbt_topik
-- ----------------------------
DROP TABLE IF EXISTS `cbt_topik`;
CREATE TABLE `cbt_topik`  (
  `topik_id` bigint(20) UNSIGNED NOT NULL AUTO_INCREMENT,
  `topik_modul_id` bigint(20) UNSIGNED NOT NULL DEFAULT 1,
  `topik_create_by` int(11) NULL DEFAULT NULL,
  `topik_nama` varchar(255) CHARACTER SET utf8 COLLATE utf8_unicode_ci NOT NULL,
  `topik_detail` text CHARACTER SET utf8 COLLATE utf8_unicode_ci NULL,
  `topik_aktif` tinyint(1) NOT NULL DEFAULT 0,
  PRIMARY KEY (`topik_id`) USING BTREE,
  UNIQUE INDEX `ak_subject_name`(`topik_modul_id`, `topik_nama`) USING BTREE,
  CONSTRAINT `cbt_topik_ibfk_1` FOREIGN KEY (`topik_modul_id`) REFERENCES `cbt_modul` (`modul_id`) ON DELETE CASCADE ON UPDATE NO ACTION
) ENGINE = InnoDB AUTO_INCREMENT = 10 CHARACTER SET = utf8 COLLATE = utf8_unicode_ci ROW_FORMAT = Dynamic;

-- ----------------------------
-- Records of cbt_topik
-- ----------------------------
INSERT INTO `cbt_topik` VALUES (7, 9, 4, 'Uji Coba', 'Kumpulan Soal untuk Uji Coba ', 1);
INSERT INTO `cbt_topik` VALUES (8, 9, 6, 'Kuis Sejarah ', 'Kuis Sejarah ', 1);
INSERT INTO `cbt_topik` VALUES (9, 9, 6, 'Ujian Harian Sejarah', 'Ujian Harian Sejarah', 1);

-- ----------------------------
-- Table structure for cbt_user
-- ----------------------------
DROP TABLE IF EXISTS `cbt_user`;
CREATE TABLE `cbt_user`  (
  `user_id` bigint(20) UNSIGNED NOT NULL AUTO_INCREMENT,
  `user_grup_id` bigint(20) UNSIGNED NOT NULL,
  `user_name` varchar(255) CHARACTER SET utf8 COLLATE utf8_unicode_ci NOT NULL,
  `user_password` varchar(255) CHARACTER SET utf8 COLLATE utf8_unicode_ci NOT NULL,
  `user_email` varchar(255) CHARACTER SET utf8 COLLATE utf8_unicode_ci NULL DEFAULT NULL,
  `user_regdate` timestamp(0) NOT NULL DEFAULT current_timestamp(0),
  `user_ip` varchar(39) CHARACTER SET utf8 COLLATE utf8_unicode_ci NULL DEFAULT NULL,
  `user_firstname` varchar(255) CHARACTER SET utf8 COLLATE utf8_unicode_ci NULL DEFAULT NULL,
  `user_birthdate` date NULL DEFAULT NULL,
  `user_birthplace` varchar(255) CHARACTER SET utf8 COLLATE utf8_unicode_ci NULL DEFAULT NULL,
  `user_level` smallint(3) UNSIGNED NOT NULL DEFAULT 1,
  `user_detail` varchar(25) CHARACTER SET utf8 COLLATE utf8_unicode_ci NULL DEFAULT NULL,
  PRIMARY KEY (`user_id`) USING BTREE,
  UNIQUE INDEX `ak_user_name`(`user_name`) USING BTREE,
  INDEX `user_groups_id`(`user_grup_id`) USING BTREE,
  INDEX `user_detail`(`user_detail`) USING BTREE,
  CONSTRAINT `cbt_user_ibfk_1` FOREIGN KEY (`user_grup_id`) REFERENCES `cbt_user_grup` (`grup_id`) ON DELETE CASCADE ON UPDATE NO ACTION
) ENGINE = InnoDB AUTO_INCREMENT = 3 CHARACTER SET = utf8 COLLATE = utf8_unicode_ci ROW_FORMAT = Dynamic;

-- ----------------------------
-- Records of cbt_user
-- ----------------------------
INSERT INTO `cbt_user` VALUES (1, 6, 'lutfi', 'lutfi', '', '2018-01-11 11:38:27', NULL, 'Muhammad Lutfial Hakim', NULL, NULL, 1, 'Ruang 1, Sesi 1');
INSERT INTO `cbt_user` VALUES (2, 6, 'joko', 'joko', '', '2018-08-11 10:49:25', NULL, 'Joko Susanto', NULL, NULL, 1, 'Ruang 1, Sesi 2');

-- ----------------------------
-- Table structure for cbt_user_grup
-- ----------------------------
DROP TABLE IF EXISTS `cbt_user_grup`;
CREATE TABLE `cbt_user_grup`  (
  `grup_id` bigint(20) UNSIGNED NOT NULL AUTO_INCREMENT,
  `grup_nama` varchar(255) CHARACTER SET utf8 COLLATE utf8_unicode_ci NOT NULL,
  PRIMARY KEY (`grup_id`) USING BTREE,
  UNIQUE INDEX `group_name`(`grup_nama`) USING BTREE
) ENGINE = InnoDB AUTO_INCREMENT = 7 CHARACTER SET = utf8 COLLATE = utf8_unicode_ci ROW_FORMAT = Dynamic;

-- ----------------------------
-- Records of cbt_user_grup
-- ----------------------------
INSERT INTO `cbt_user_grup` VALUES (5, 'XI MM');
INSERT INTO `cbt_user_grup` VALUES (6, 'XII IPA 3');

-- ----------------------------
-- Table structure for user
-- ----------------------------
DROP TABLE IF EXISTS `user`;
CREATE TABLE `user`  (
  `id` int(11) NOT NULL AUTO_INCREMENT,
  `username` varchar(100) CHARACTER SET latin1 COLLATE latin1_swedish_ci NOT NULL,
  `password` varchar(255) CHARACTER SET latin1 COLLATE latin1_swedish_ci NOT NULL,
  `nama` varchar(150) CHARACTER SET latin1 COLLATE latin1_swedish_ci NOT NULL,
  `opsi1` varchar(75) CHARACTER SET latin1 COLLATE latin1_swedish_ci NOT NULL,
  `opsi2` varchar(75) CHARACTER SET latin1 COLLATE latin1_swedish_ci NOT NULL,
  `keterangan` varchar(150) CHARACTER SET latin1 COLLATE latin1_swedish_ci NOT NULL,
  `level` varchar(50) CHARACTER SET latin1 COLLATE latin1_swedish_ci NOT NULL,
  `ts` timestamp(0) NOT NULL DEFAULT current_timestamp(0),
  PRIMARY KEY (`id`) USING BTREE,
  UNIQUE INDEX `username`(`username`) USING BTREE,
  INDEX `level`(`level`) USING BTREE,
  CONSTRAINT `user_ibfk_1` FOREIGN KEY (`level`) REFERENCES `user_level` (`level`) ON DELETE CASCADE ON UPDATE CASCADE
) ENGINE = InnoDB AUTO_INCREMENT = 7 CHARACTER SET = latin1 COLLATE = latin1_swedish_ci ROW_FORMAT = Dynamic;

-- ----------------------------
-- Records of user
-- ----------------------------
INSERT INTO `user` VALUES (1, 'admin', 'd033e22ae348aeb5660fc2140aec35850c4da997', 'Achmad Lutfi', '', '', '', 'admin', '2015-07-30 01:12:03');
INSERT INTO `user` VALUES (4, 'operator', 'fe96dd39756ac41b74283a9292652d366d73931f', 'Operator', '', '', 'Operator', 'operator-soal', '2018-03-30 19:58:55');
INSERT INTO `user` VALUES (6, 'taruvita', '7c02d33f6e9da3adea88ec418297d61d7d3079b8', 'taruvita', '', '', 'taruvita', 'Guru', '2021-01-20 17:58:55');

-- ----------------------------
-- Table structure for user_akses
-- ----------------------------
DROP TABLE IF EXISTS `user_akses`;
CREATE TABLE `user_akses`  (
  `id` int(11) NOT NULL AUTO_INCREMENT,
  `level` varchar(75) CHARACTER SET latin1 COLLATE latin1_swedish_ci NOT NULL,
  `kode_menu` varchar(50) CHARACTER SET latin1 COLLATE latin1_swedish_ci NOT NULL,
  `add` int(2) NOT NULL DEFAULT 1 COMMENT '0=false, 1=true',
  `edit` int(2) NOT NULL DEFAULT 1 COMMENT '0=false, 1=true',
  PRIMARY KEY (`id`) USING BTREE,
  INDEX `akses_kode_menu`(`kode_menu`) USING BTREE,
  INDEX `akses_level`(`level`) USING BTREE,
  CONSTRAINT `user_akses_ibfk_2` FOREIGN KEY (`kode_menu`) REFERENCES `user_menu` (`kode_menu`) ON DELETE CASCADE ON UPDATE CASCADE,
  CONSTRAINT `user_akses_ibfk_3` FOREIGN KEY (`level`) REFERENCES `user_level` (`level`) ON DELETE CASCADE ON UPDATE CASCADE
) ENGINE = InnoDB AUTO_INCREMENT = 511 CHARACTER SET = latin1 COLLATE = latin1_swedish_ci ROW_FORMAT = Dynamic;

-- ----------------------------
-- Records of user_akses
-- ----------------------------
INSERT INTO `user_akses` VALUES (254, 'operator-soal', 'modul-daftar', 1, 1);
INSERT INTO `user_akses` VALUES (255, 'operator-soal', 'modul-filemanager', 1, 1);
INSERT INTO `user_akses` VALUES (256, 'operator-soal', 'modul-import', 1, 1);
INSERT INTO `user_akses` VALUES (257, 'operator-soal', 'modul-soal', 1, 1);
INSERT INTO `user_akses` VALUES (258, 'operator-soal', 'modul-topik', 1, 1);
INSERT INTO `user_akses` VALUES (259, 'operator-tes', 'tes-hasil-operator', 1, 1);
INSERT INTO `user_akses` VALUES (260, 'operator-tes', 'tes-token', 1, 1);
INSERT INTO `user_akses` VALUES (478, 'admin', 'peserta-kartu', 1, 1);
INSERT INTO `user_akses` VALUES (479, 'admin', 'peserta-group', 1, 1);
INSERT INTO `user_akses` VALUES (480, 'admin', 'peserta-daftar', 1, 1);
INSERT INTO `user_akses` VALUES (481, 'admin', 'modul-daftar', 1, 1);
INSERT INTO `user_akses` VALUES (482, 'admin', 'tes-daftar', 1, 1);
INSERT INTO `user_akses` VALUES (483, 'admin', 'tool-backup', 1, 1);
INSERT INTO `user_akses` VALUES (484, 'admin', 'tes-evaluasi', 1, 1);
INSERT INTO `user_akses` VALUES (485, 'admin', 'tool-exportimport-soal', 1, 1);
INSERT INTO `user_akses` VALUES (486, 'admin', 'modul-filemanager', 1, 1);
INSERT INTO `user_akses` VALUES (487, 'admin', 'tes-hasil', 1, 1);
INSERT INTO `user_akses` VALUES (488, 'admin', 'peserta-import', 1, 1);
INSERT INTO `user_akses` VALUES (489, 'admin', 'modul-import', 1, 1);
INSERT INTO `user_akses` VALUES (490, 'admin', 'user_level', 1, 1);
INSERT INTO `user_akses` VALUES (491, 'admin', 'user_menu', 1, 1);
INSERT INTO `user_akses` VALUES (492, 'admin', 'user_atur', 1, 1);
INSERT INTO `user_akses` VALUES (493, 'admin', 'user-zyacbt', 1, 1);
INSERT INTO `user_akses` VALUES (494, 'admin', 'tes-rekap', 1, 1);
INSERT INTO `user_akses` VALUES (495, 'admin', 'modul-soal', 1, 1);
INSERT INTO `user_akses` VALUES (496, 'admin', 'tes-tambah', 1, 1);
INSERT INTO `user_akses` VALUES (497, 'admin', 'tes-token', 1, 1);
INSERT INTO `user_akses` VALUES (498, 'admin', 'modul-topik', 1, 1);
INSERT INTO `user_akses` VALUES (499, 'Guru', 'modul-daftar', 1, 1);
INSERT INTO `user_akses` VALUES (500, 'Guru', 'tes-daftar', 1, 1);
INSERT INTO `user_akses` VALUES (501, 'Guru', 'tes-evaluasi', 1, 1);
INSERT INTO `user_akses` VALUES (502, 'Guru', 'modul-filemanager', 1, 1);
INSERT INTO `user_akses` VALUES (503, 'Guru', 'tes-hasil', 1, 1);
INSERT INTO `user_akses` VALUES (504, 'Guru', 'tes-hasil-operator', 1, 1);
INSERT INTO `user_akses` VALUES (505, 'Guru', 'modul-import', 1, 1);
INSERT INTO `user_akses` VALUES (506, 'Guru', 'tes-rekap', 1, 1);
INSERT INTO `user_akses` VALUES (507, 'Guru', 'modul-soal', 1, 1);
INSERT INTO `user_akses` VALUES (508, 'Guru', 'tes-tambah', 1, 1);
INSERT INTO `user_akses` VALUES (509, 'Guru', 'tes-token', 1, 1);
INSERT INTO `user_akses` VALUES (510, 'Guru', 'modul-topik', 1, 1);

-- ----------------------------
-- Table structure for user_level
-- ----------------------------
DROP TABLE IF EXISTS `user_level`;
CREATE TABLE `user_level`  (
  `id` int(11) NOT NULL AUTO_INCREMENT,
  `level` varchar(50) CHARACTER SET latin1 COLLATE latin1_swedish_ci NOT NULL,
  `keterangan` varchar(100) CHARACTER SET latin1 COLLATE latin1_swedish_ci NULL DEFAULT NULL,
  PRIMARY KEY (`id`) USING BTREE,
  UNIQUE INDEX `level`(`level`) USING BTREE
) ENGINE = InnoDB AUTO_INCREMENT = 10 CHARACTER SET = latin1 COLLATE = latin1_swedish_ci ROW_FORMAT = Dynamic;

-- ----------------------------
-- Records of user_level
-- ----------------------------
INSERT INTO `user_level` VALUES (1, 'admin', 'Administrator');
INSERT INTO `user_level` VALUES (7, 'operator-soal', 'Operator Soal');
INSERT INTO `user_level` VALUES (8, 'operator-tes', 'Operator Tes');
INSERT INTO `user_level` VALUES (9, 'Guru', 'Guru');

-- ----------------------------
-- Table structure for user_log
-- ----------------------------
DROP TABLE IF EXISTS `user_log`;
CREATE TABLE `user_log`  (
  `id` int(11) NOT NULL AUTO_INCREMENT,
  `username` varchar(100) CHARACTER SET latin1 COLLATE latin1_swedish_ci NOT NULL,
  `log` varchar(250) CHARACTER SET latin1 COLLATE latin1_swedish_ci NOT NULL,
  `ts` timestamp(0) NOT NULL DEFAULT current_timestamp(0),
  PRIMARY KEY (`id`) USING BTREE
) ENGINE = InnoDB AUTO_INCREMENT = 1 CHARACTER SET = latin1 COLLATE = latin1_swedish_ci ROW_FORMAT = Dynamic;

-- ----------------------------
-- Table structure for user_menu
-- ----------------------------
DROP TABLE IF EXISTS `user_menu`;
CREATE TABLE `user_menu`  (
  `id` int(11) NOT NULL AUTO_INCREMENT,
  `tipe` int(11) NOT NULL DEFAULT 1 COMMENT '0=parent, 1=child',
  `parent` varchar(50) CHARACTER SET latin1 COLLATE latin1_swedish_ci NULL DEFAULT NULL,
  `kode_menu` varchar(50) CHARACTER SET latin1 COLLATE latin1_swedish_ci NOT NULL,
  `nama_menu` varchar(100) CHARACTER SET latin1 COLLATE latin1_swedish_ci NOT NULL,
  `url` varchar(150) CHARACTER SET latin1 COLLATE latin1_swedish_ci NOT NULL DEFAULT '#',
  `icon` varchar(75) CHARACTER SET latin1 COLLATE latin1_swedish_ci NOT NULL DEFAULT 'fa fa-circle-o',
  `urutan` int(11) NOT NULL,
  `status` tinyint(2) NULL DEFAULT NULL,
  PRIMARY KEY (`id`) USING BTREE,
  UNIQUE INDEX `kode_menu`(`kode_menu`) USING BTREE
) ENGINE = InnoDB AUTO_INCREMENT = 38 CHARACTER SET = latin1 COLLATE = latin1_swedish_ci ROW_FORMAT = Dynamic;

-- ----------------------------
-- Records of user_menu
-- ----------------------------
INSERT INTO `user_menu` VALUES (1, 0, '', 'user', 'Pengaturan', '#', 'fa fa-user', 20, 1);
INSERT INTO `user_menu` VALUES (3, 1, 'user', 'user_atur', 'Pengaturan User', 'manager/useratur', 'fa fa-circle-o', 5, 1);
INSERT INTO `user_menu` VALUES (4, 1, 'user', 'user_level', 'Pengaturan Level', 'manager/userlevel', 'fa fa-circle-o', 6, 1);
INSERT INTO `user_menu` VALUES (5, 1, 'user', 'user_menu', 'Pengaturan Menu', 'manager/usermenu', 'fa fa-circle-o', 7, 1);
INSERT INTO `user_menu` VALUES (6, 0, '', 'modul', 'Data Modul', '#', 'fa fa-book', 2, 1);
INSERT INTO `user_menu` VALUES (7, 1, 'modul', 'modul-daftar', 'Daftar Soal', 'manager/modul_daftar', 'fa fa-circle-o', 5, 1);
INSERT INTO `user_menu` VALUES (8, 1, 'modul', 'modul-topik', 'Topik', 'manager/modul_topik', 'fa fa-circle-o', 2, 1);
INSERT INTO `user_menu` VALUES (10, 0, '', 'peserta', 'Data Peserta', '#', 'fa fa-users', 1, 1);
INSERT INTO `user_menu` VALUES (11, 1, 'peserta', 'peserta-daftar', 'Daftar Peserta', 'manager/peserta_daftar', 'fa fa-circle-o', 2, 1);
INSERT INTO `user_menu` VALUES (12, 1, 'peserta', 'peserta-group', 'Daftar Group', 'manager/peserta_group', 'fa fa-circle-o', 1, 1);
INSERT INTO `user_menu` VALUES (13, 1, 'peserta', 'peserta-import', 'Import Data Peserta', 'manager/peserta_import', 'fa fa-circle-o', 3, 1);
INSERT INTO `user_menu` VALUES (14, 0, '', 'tes', 'Data Tes', '#', 'fa fa-tasks', 7, 1);
INSERT INTO `user_menu` VALUES (15, 1, 'tes', 'tes-tambah', 'Tambah Tes', 'manager/tes_tambah', 'fa fa-circle-o', 1, 1);
INSERT INTO `user_menu` VALUES (16, 1, 'tes', 'tes-daftar', 'Daftar Tes', 'manager/tes_daftar', 'fa fa-circle-o', 2, 1);
INSERT INTO `user_menu` VALUES (17, 1, 'tes', 'tes-hasil', 'Hasil Tes', 'manager/tes_hasil', 'fa fa-circle-o', 6, 1);
INSERT INTO `user_menu` VALUES (18, 1, 'modul', 'modul-soal', 'Soal', 'manager/modul_soal', 'fa fa-circle-o', 3, 1);
INSERT INTO `user_menu` VALUES (19, 1, 'tes', 'tes-token', 'Token', 'manager/tes_token', 'fa fa-circle-o', 8, 1);
INSERT INTO `user_menu` VALUES (22, 1, 'modul', 'modul-filemanager', 'File Manager', 'manager/modul_filemanager', 'fa fa-circle-o', 6, 1);
INSERT INTO `user_menu` VALUES (24, 1, 'modul', 'modul-import', 'Import Soal', 'manager/modul_import', 'fa fa-circle-o', 4, 0);
INSERT INTO `user_menu` VALUES (25, 1, 'tes', 'tes-evaluasi', 'Evaluasi Tes', 'manager/tes_evaluasi', 'fa fa-circle-o', 5, 1);
INSERT INTO `user_menu` VALUES (28, 1, 'tes', 'tes-hasil-operator', 'Hasil Tes Operator', 'manager/tes_hasil_operator', 'fa fa-circle-o', 10, 1);
INSERT INTO `user_menu` VALUES (30, 0, '', 'tool', 'Tool', '#', 'fa fa-wrench', 5, 1);
INSERT INTO `user_menu` VALUES (31, 1, 'tool', 'tool-backup', 'Database', 'manager/tool_backup', 'fa fa-database', 1, 1);
INSERT INTO `user_menu` VALUES (32, 1, 'tes', 'tes-rekap', 'Rekap Hasil Tes', 'manager/tes_rekap_hasil', 'fa fa-circle-o', 7, 1);
INSERT INTO `user_menu` VALUES (33, 1, 'tool', 'tool-exportimport-soal', 'Export / Import Soal', 'manager/tool_exportimport_soal', 'fa fa-circle-o', 2, 1);
INSERT INTO `user_menu` VALUES (34, 1, 'user', 'user-zyacbt', 'Pengaturan ZYACBT', 'manager/pengaturan_zyacbt', 'fa fa-circle-o', 1, 1);
INSERT INTO `user_menu` VALUES (37, 1, 'peserta', 'peserta-kartu', 'Cetak Kartu', 'manager/peserta_kartu', 'fa fa-circle-o', 5, 1);

SET FOREIGN_KEY_CHECKS = 1;
