/*
 Navicat Premium Data Transfer

 Source Server         : localhost
 Source Server Type    : MySQL
 Source Server Version : 100408
 Source Host           : localhost:3306
 Source Schema         : project_skripsi_cbtapp

 Target Server Type    : MySQL
 Target Server Version : 100408
 File Encoding         : 65001

 Date: 13/04/2021 15:15:38
*/

SET NAMES utf8mb4;
SET FOREIGN_KEY_CHECKS = 0;

-- ----------------------------
-- Table structure for cbt_jawaban
-- ----------------------------
DROP TABLE IF EXISTS `cbt_jawaban`;
CREATE TABLE `cbt_jawaban`  (
  `jawaban_id` bigint(20) UNSIGNED NOT NULL AUTO_INCREMENT,
  `jawaban_soal_id` bigint(20) UNSIGNED NOT NULL,
  `jawaban_detail` text CHARACTER SET utf8 COLLATE utf8_unicode_ci NOT NULL,
  `jawaban_benar` tinyint(1) NOT NULL DEFAULT 0,
  `jawaban_aktif` tinyint(1) NOT NULL DEFAULT 0,
  PRIMARY KEY (`jawaban_id`) USING BTREE,
  INDEX `p_answer_question_id`(`jawaban_soal_id`) USING BTREE,
  CONSTRAINT `cbt_jawaban_ibfk_1` FOREIGN KEY (`jawaban_soal_id`) REFERENCES `cbt_soal` (`soal_id`) ON DELETE CASCADE ON UPDATE NO ACTION
) ENGINE = InnoDB AUTO_INCREMENT = 627 CHARACTER SET = utf8 COLLATE = utf8_unicode_ci ROW_FORMAT = Dynamic;

-- ----------------------------
-- Table structure for cbt_konfigurasi
-- ----------------------------
DROP TABLE IF EXISTS `cbt_konfigurasi`;
CREATE TABLE `cbt_konfigurasi`  (
  `konfigurasi_id` int(11) NOT NULL AUTO_INCREMENT,
  `konfigurasi_kode` varchar(50) CHARACTER SET latin1 COLLATE latin1_swedish_ci NOT NULL,
  `konfigurasi_isi` varchar(50) CHARACTER SET latin1 COLLATE latin1_swedish_ci NOT NULL,
  `konfigurasi_keterangan` varchar(100) CHARACTER SET latin1 COLLATE latin1_swedish_ci NOT NULL,
  PRIMARY KEY (`konfigurasi_id`) USING BTREE,
  UNIQUE INDEX `konfigurasi_kode`(`konfigurasi_kode`) USING BTREE
) ENGINE = InnoDB AUTO_INCREMENT = 5 CHARACTER SET = latin1 COLLATE = latin1_swedish_ci ROW_FORMAT = Dynamic;

-- ----------------------------
-- Records of cbt_konfigurasi
-- ----------------------------
INSERT INTO `cbt_konfigurasi` VALUES (1, 'link_login_operator', 'ya', 'Menampilkan Link Login Operator');
INSERT INTO `cbt_konfigurasi` VALUES (2, 'cbt_nama', 'Computer Based-Test', 'Nama Penyelenggara');
INSERT INTO `cbt_konfigurasi` VALUES (3, 'cbt_keterangan', 'Ujian Online Berbasis Komputer', 'Keterangan Penyelenggara');
INSERT INTO `cbt_konfigurasi` VALUES (4, 'cbt_mobile_lock_xambro', 'tidak', 'Melakukan Lock pada browser mobile agar menggunakan Xambro Saja');

-- ----------------------------
-- Table structure for cbt_modul
-- ----------------------------
DROP TABLE IF EXISTS `cbt_modul`;
CREATE TABLE `cbt_modul`  (
  `modul_id` bigint(20) UNSIGNED NOT NULL AUTO_INCREMENT,
  `modul_nama` varchar(255) CHARACTER SET utf8 COLLATE utf8_unicode_ci NOT NULL,
  `modul_aktif` tinyint(1) NOT NULL DEFAULT 0,
  PRIMARY KEY (`modul_id`) USING BTREE,
  UNIQUE INDEX `ak_module_name`(`modul_nama`) USING BTREE
) ENGINE = InnoDB AUTO_INCREMENT = 10 CHARACTER SET = utf8 COLLATE = utf8_unicode_ci ROW_FORMAT = Dynamic;

-- ----------------------------
-- Records of cbt_modul
-- ----------------------------
INSERT INTO `cbt_modul` VALUES (9, 'Default', 1);

-- ----------------------------
-- Table structure for cbt_sessions
-- ----------------------------
DROP TABLE IF EXISTS `cbt_sessions`;
CREATE TABLE `cbt_sessions`  (
  `id` varchar(128) CHARACTER SET utf8 COLLATE utf8_general_ci NOT NULL,
  `ip_address` varchar(45) CHARACTER SET utf8 COLLATE utf8_general_ci NOT NULL,
  `timestamp` int(10) UNSIGNED NOT NULL DEFAULT 0,
  `data` blob NOT NULL,
  INDEX `ci_sessions_timestamp`(`timestamp`) USING BTREE
) ENGINE = InnoDB CHARACTER SET = utf8 COLLATE = utf8_general_ci ROW_FORMAT = Dynamic;

-- ----------------------------
-- Records of cbt_sessions
-- ----------------------------
INSERT INTO `cbt_sessions` VALUES ('uopirvk2otpd8q99gt75cl3olhhtc3t6', '::1', 1618235152, 0x5F5F63695F6C6173745F726567656E65726174657C693A313631383233353135323B6362745F7573657269647C733A313A2236223B6362745F757365725F69647C733A383A227461727576697461223B6362745F6E616D617C733A383A227461727576697461223B6362745F6C6576656C7C733A343A2247757275223B6362745F6F707369317C733A303A22223B6362745F6F707369327C733A303A22223B7C4E3B);
INSERT INTO `cbt_sessions` VALUES ('rj3100s0hro2d9snqj53nqkldgosrlbh', '::1', 1618233887, 0x5F5F63695F6C6173745F726567656E65726174657C693A313631383233333838373B6362745F7465735F757365725F69647C733A343A226A6F6B6F223B6362745F7465735F6E616D617C733A31323A224A6F6B6F20537573616E746F223B6362745F7465735F67726F75707C733A393A22584949204950412033223B6362745F7465735F67726F75705F69647C733A313A2236223B);
INSERT INTO `cbt_sessions` VALUES ('1dgnln10h0ca4dadj3p210q0ntj2ibbb', '::1', 1618235478, 0x5F5F63695F6C6173745F726567656E65726174657C693A313631383233353437363B6362745F7465735F757365725F69647C733A343A226A6F6B6F223B6362745F7465735F6E616D617C733A31323A224A6F6B6F20537573616E746F223B6362745F7465735F67726F75707C733A393A22584949204950412033223B6362745F7465735F67726F75705F69647C733A313A2236223B);
INSERT INTO `cbt_sessions` VALUES ('tmq083c9o79im413krp53dk8d9jo74it', '::1', 1618235536, 0x5F5F63695F6C6173745F726567656E65726174657C693A313631383233353533363B6362745F7573657269647C733A313A2236223B6362745F757365725F69647C733A383A227461727576697461223B6362745F6E616D617C733A383A227461727576697461223B6362745F6C6576656C7C733A343A2247757275223B6362745F6F707369317C733A303A22223B6362745F6F707369327C733A303A22223B7C4E3B);
INSERT INTO `cbt_sessions` VALUES ('i4sbm4lr9j1j61jtjemmu3ncu5dhid3u', '::1', 1618235476, 0x5F5F63695F6C6173745F726567656E65726174657C693A313631383233353437363B6362745F7465735F757365725F69647C733A343A226A6F6B6F223B6362745F7465735F6E616D617C733A31323A224A6F6B6F20537573616E746F223B6362745F7465735F67726F75707C733A393A22584949204950412033223B6362745F7465735F67726F75705F69647C733A313A2236223B);
INSERT INTO `cbt_sessions` VALUES ('7kjlrcst0u266emd0hspol5s8ttpd29r', '::1', 1618235735, 0x5F5F63695F6C6173745F726567656E65726174657C693A313631383233353533363B6362745F7573657269647C733A313A2236223B6362745F757365725F69647C733A383A227461727576697461223B6362745F6E616D617C733A383A227461727576697461223B6362745F6C6576656C7C733A343A2247757275223B6362745F6F707369317C733A303A22223B6362745F6F707369327C733A303A22223B7C4E3B);
INSERT INTO `cbt_sessions` VALUES ('t8ue2rca1vgj5an566ac64v3vdsjomu8', '::1', 1618278748, 0x5F5F63695F6C6173745F726567656E65726174657C693A313631383237383734383B6362745F7573657269647C733A313A2236223B6362745F757365725F69647C733A383A227461727576697461223B6362745F6E616D617C733A383A227461727576697461223B6362745F6C6576656C7C733A343A2247757275223B6362745F6F707369317C733A303A22223B6362745F6F707369327C733A303A22223B7C4E3B);
INSERT INTO `cbt_sessions` VALUES ('lmiri50bra7r2bgb92hcpak0fjhe90qi', '::1', 1618278975, 0x5F5F63695F6C6173745F726567656E65726174657C693A313631383237383937353B6362745F7465735F757365725F69647C733A353A226C75746669223B6362745F7465735F6E616D617C733A32323A224D7568616D6D6164204C75746669616C2048616B696D223B6362745F7465735F67726F75707C733A393A22584949204950412033223B6362745F7465735F67726F75705F69647C733A313A2236223B);
INSERT INTO `cbt_sessions` VALUES ('fop38u2dqqe0ohsartab7kaoj2g3d5ln', '::1', 1618279712, 0x5F5F63695F6C6173745F726567656E65726174657C693A313631383237393731323B6362745F7573657269647C733A313A2236223B7C4E3B6362745F757365725F69647C733A383A227461727576697461223B6362745F6E616D617C733A383A227461727576697461223B6362745F6C6576656C7C733A343A2247757275223B6362745F6F707369317C733A303A22223B6362745F6F707369327C733A303A22223B);
INSERT INTO `cbt_sessions` VALUES ('hknvhm2mj127qjeqpovregm17oitn9oj', '::1', 1618279561, 0x5F5F63695F6C6173745F726567656E65726174657C693A313631383237393536313B6362745F7465735F757365725F69647C733A353A226C75746669223B6362745F7465735F6E616D617C733A32323A224D7568616D6D6164204C75746669616C2048616B696D223B6362745F7465735F67726F75707C733A393A22584949204950412033223B6362745F7465735F67726F75705F69647C733A313A2236223B);
INSERT INTO `cbt_sessions` VALUES ('3jfs7sorhda2f6l6jjkvcu25scejplcc', '::1', 1618279896, 0x5F5F63695F6C6173745F726567656E65726174657C693A313631383237393839363B6362745F7465735F757365725F69647C733A353A226C75746669223B6362745F7465735F6E616D617C733A32323A224D7568616D6D6164204C75746669616C2048616B696D223B6362745F7465735F67726F75707C733A393A22584949204950412033223B6362745F7465735F67726F75705F69647C733A313A2236223B);
INSERT INTO `cbt_sessions` VALUES ('234mdrrsbk6d2nckrdn5d8hg3skps3mn', '::1', 1618280400, 0x5F5F63695F6C6173745F726567656E65726174657C693A313631383238303430303B6362745F7573657269647C733A313A2236223B7C4E3B6362745F757365725F69647C733A383A227461727576697461223B6362745F6E616D617C733A383A227461727576697461223B6362745F6C6576656C7C733A343A2247757275223B6362745F6F707369317C733A303A22223B6362745F6F707369327C733A303A22223B);
INSERT INTO `cbt_sessions` VALUES ('0rdqgdn45h11j83qli0k02o3859bdr9t', '::1', 1618280246, 0x5F5F63695F6C6173745F726567656E65726174657C693A313631383238303234363B6362745F7465735F757365725F69647C733A353A226C75746669223B6362745F7465735F6E616D617C733A32323A224D7568616D6D6164204C75746669616C2048616B696D223B6362745F7465735F67726F75707C733A393A22584949204950412033223B6362745F7465735F67726F75705F69647C733A313A2236223B);
INSERT INTO `cbt_sessions` VALUES ('v7rscukiqbj7640jv5kfekkiq2otaqnr', '::1', 1618281276, 0x5F5F63695F6C6173745F726567656E65726174657C693A313631383238313237363B6362745F7465735F757365725F69647C733A343A226A6F6B6F223B6362745F7465735F6E616D617C733A31323A224A6F6B6F20537573616E746F223B6362745F7465735F67726F75707C733A393A22584949204950412033223B6362745F7465735F67726F75705F69647C733A313A2236223B);
INSERT INTO `cbt_sessions` VALUES ('1bg2akt4ive742j4qbau62keam547sku', '::1', 1618281380, 0x5F5F63695F6C6173745F726567656E65726174657C693A313631383238313338303B6362745F7573657269647C733A313A2236223B7C4E3B6362745F757365725F69647C733A383A227461727576697461223B6362745F6E616D617C733A383A227461727576697461223B6362745F6C6576656C7C733A343A2247757275223B6362745F6F707369317C733A303A22223B6362745F6F707369327C733A303A22223B);
INSERT INTO `cbt_sessions` VALUES ('rfln99f70ncjh3g528aschlr93ospcv5', '::1', 1618281591, 0x5F5F63695F6C6173745F726567656E65726174657C693A313631383238313539313B6362745F7465735F757365725F69647C733A343A226A6F6B6F223B6362745F7465735F6E616D617C733A31323A224A6F6B6F20537573616E746F223B6362745F7465735F67726F75707C733A393A22584949204950412033223B6362745F7465735F67726F75705F69647C733A313A2236223B);
INSERT INTO `cbt_sessions` VALUES ('ubtqolcv0v2oq7bev43iato92m893al6', '::1', 1618281939, 0x5F5F63695F6C6173745F726567656E65726174657C693A313631383238313933393B6362745F7573657269647C733A313A2236223B7C4E3B6362745F757365725F69647C733A383A227461727576697461223B6362745F6E616D617C733A383A227461727576697461223B6362745F6C6576656C7C733A343A2247757275223B6362745F6F707369317C733A303A22223B6362745F6F707369327C733A303A22223B);
INSERT INTO `cbt_sessions` VALUES ('8j0scts6c6n6ovshqeq3i8prmv4e6ijm', '::1', 1618281960, 0x5F5F63695F6C6173745F726567656E65726174657C693A313631383238313936303B6362745F7465735F757365725F69647C733A343A226A6F6B6F223B6362745F7465735F6E616D617C733A31323A224A6F6B6F20537573616E746F223B6362745F7465735F67726F75707C733A393A22584949204950412033223B6362745F7465735F67726F75705F69647C733A313A2236223B);
INSERT INTO `cbt_sessions` VALUES ('0lt9sgpcn1ki2ipkfdacctd4kkkn3r3n', '::1', 1618284231, 0x5F5F63695F6C6173745F726567656E65726174657C693A313631383238343233313B6362745F7573657269647C733A313A2236223B7C4E3B6362745F757365725F69647C733A383A227461727576697461223B6362745F6E616D617C733A383A227461727576697461223B6362745F6C6576656C7C733A343A2247757275223B6362745F6F707369317C733A303A22223B6362745F6F707369327C733A303A22223B);
INSERT INTO `cbt_sessions` VALUES ('dvgv7akb1j5lq5e4rm2ed71a6khl8r62', '::1', 1618282262, 0x5F5F63695F6C6173745F726567656E65726174657C693A313631383238323236323B6362745F7465735F757365725F69647C733A343A226A6F6B6F223B6362745F7465735F6E616D617C733A31323A224A6F6B6F20537573616E746F223B6362745F7465735F67726F75707C733A393A22584949204950412033223B6362745F7465735F67726F75705F69647C733A313A2236223B);
INSERT INTO `cbt_sessions` VALUES ('vvqmonem8j49ue2uq857pi7lj5ei9r9i', '::1', 1618282671, 0x5F5F63695F6C6173745F726567656E65726174657C693A313631383238323637313B6362745F7465735F757365725F69647C733A343A226A6F6B6F223B6362745F7465735F6E616D617C733A31323A224A6F6B6F20537573616E746F223B6362745F7465735F67726F75707C733A393A22584949204950412033223B6362745F7465735F67726F75705F69647C733A313A2236223B);
INSERT INTO `cbt_sessions` VALUES ('0vp5h295dnm56dk538294ma54ka721da', '::1', 1618284220, 0x5F5F63695F6C6173745F726567656E65726174657C693A313631383238343232303B6362745F7465735F757365725F69647C733A343A226A6F6B6F223B6362745F7465735F6E616D617C733A31323A224A6F6B6F20537573616E746F223B6362745F7465735F67726F75707C733A393A22584949204950412033223B6362745F7465735F67726F75705F69647C733A313A2236223B);
INSERT INTO `cbt_sessions` VALUES ('4r673fcma2gihjo21hpgiq3aiep6nb6n', '::1', 1618285879, 0x5F5F63695F6C6173745F726567656E65726174657C693A313631383238353837393B6362745F7465735F757365725F69647C733A343A226A6F6B6F223B6362745F7465735F6E616D617C733A31323A224A6F6B6F20537573616E746F223B6362745F7465735F67726F75707C733A393A22584949204950412033223B6362745F7465735F67726F75705F69647C733A313A2236223B);
INSERT INTO `cbt_sessions` VALUES ('3sgp4phg04n40cginsmki0c23e6ksqed', '::1', 1618285401, 0x5F5F63695F6C6173745F726567656E65726174657C693A313631383238353430313B6362745F7573657269647C733A313A2236223B7C4E3B6362745F757365725F69647C733A383A227461727576697461223B6362745F6E616D617C733A383A227461727576697461223B6362745F6C6576656C7C733A343A2247757275223B6362745F6F707369317C733A303A22223B6362745F6F707369327C733A303A22223B);
INSERT INTO `cbt_sessions` VALUES ('fapj3mvcbem8cuq1bgeq1t301m5khjk3', '::1', 1618286294, 0x5F5F63695F6C6173745F726567656E65726174657C693A313631383238363239343B6362745F7573657269647C733A313A2236223B7C4E3B6362745F757365725F69647C733A383A227461727576697461223B6362745F6E616D617C733A383A227461727576697461223B6362745F6C6576656C7C733A343A2247757275223B6362745F6F707369317C733A303A22223B6362745F6F707369327C733A303A22223B);
INSERT INTO `cbt_sessions` VALUES ('cq27051ouvjhos1a3kvla0jhr8onmfa3', '::1', 1618286215, 0x5F5F63695F6C6173745F726567656E65726174657C693A313631383238363231353B6362745F7465735F757365725F69647C733A353A226C75746669223B6362745F7465735F6E616D617C733A32323A224D7568616D6D6164204C75746669616C2048616B696D223B6362745F7465735F67726F75707C733A393A22584949204950412033223B6362745F7465735F67726F75705F69647C733A313A2236223B);
INSERT INTO `cbt_sessions` VALUES ('8ons48ktfa5hljp13mee7i9l9av9gk3d', '::1', 1618287155, 0x5F5F63695F6C6173745F726567656E65726174657C693A313631383238373135353B6362745F7465735F757365725F69647C733A353A226C75746669223B6362745F7465735F6E616D617C733A32323A224D7568616D6D6164204C75746669616C2048616B696D223B6362745F7465735F67726F75707C733A393A22584949204950412033223B6362745F7465735F67726F75705F69647C733A313A2236223B);
INSERT INTO `cbt_sessions` VALUES ('ktgvjukregc1gc1sop9k2m7tfkhdtp2g', '::1', 1618287136, 0x5F5F63695F6C6173745F726567656E65726174657C693A313631383238373133363B6362745F7573657269647C733A313A2236223B7C4E3B6362745F757365725F69647C733A383A227461727576697461223B6362745F6E616D617C733A383A227461727576697461223B6362745F6C6576656C7C733A343A2247757275223B6362745F6F707369317C733A303A22223B6362745F6F707369327C733A303A22223B);
INSERT INTO `cbt_sessions` VALUES ('dppreecfllu617aqri49cas63luo02vh', '::1', 1618287527, 0x5F5F63695F6C6173745F726567656E65726174657C693A313631383238373532373B6362745F7573657269647C733A313A2236223B7C4E3B6362745F757365725F69647C733A383A227461727576697461223B6362745F6E616D617C733A383A227461727576697461223B6362745F6C6576656C7C733A343A2247757275223B6362745F6F707369317C733A303A22223B6362745F6F707369327C733A303A22223B);
INSERT INTO `cbt_sessions` VALUES ('8v0725dmdl105l1d7u1q213b8nunfnrk', '::1', 1618287648, 0x5F5F63695F6C6173745F726567656E65726174657C693A313631383238373634383B6362745F7465735F757365725F69647C733A353A226C75746669223B6362745F7465735F6E616D617C733A32323A224D7568616D6D6164204C75746669616C2048616B696D223B6362745F7465735F67726F75707C733A393A22584949204950412033223B6362745F7465735F67726F75705F69647C733A313A2236223B);
INSERT INTO `cbt_sessions` VALUES ('06spcgto421sj8a8ncgp78uoveia2jpk', '::1', 1618287831, 0x5F5F63695F6C6173745F726567656E65726174657C693A313631383238373833313B6362745F7573657269647C733A313A2236223B7C4E3B6362745F757365725F69647C733A383A227461727576697461223B6362745F6E616D617C733A383A227461727576697461223B6362745F6C6576656C7C733A343A2247757275223B6362745F6F707369317C733A303A22223B6362745F6F707369327C733A303A22223B);
INSERT INTO `cbt_sessions` VALUES ('4jfljolcj1dej5pld2j88v1n21ia4srg', '::1', 1618301172, 0x5F5F63695F6C6173745F726567656E65726174657C693A313631383330313137323B6362745F7465735F757365725F69647C733A353A226C75746669223B6362745F7465735F6E616D617C733A32323A224D7568616D6D6164204C75746669616C2048616B696D223B6362745F7465735F67726F75707C733A393A22584949204950412033223B6362745F7465735F67726F75705F69647C733A313A2236223B);
INSERT INTO `cbt_sessions` VALUES ('6nbag85ckfeinf9h4bg6nvdkv0rg28m6', '::1', 1618301147, 0x5F5F63695F6C6173745F726567656E65726174657C693A313631383330313134373B6362745F7573657269647C733A313A2236223B7C4E3B6362745F757365725F69647C733A383A227461727576697461223B6362745F6E616D617C733A383A227461727576697461223B6362745F6C6576656C7C733A343A2247757275223B6362745F6F707369317C733A303A22223B6362745F6F707369327C733A303A22223B);
INSERT INTO `cbt_sessions` VALUES ('phsl82jenlsm3g8fo3144j834vrg99sl', '::1', 1618301496, 0x5F5F63695F6C6173745F726567656E65726174657C693A313631383330313439363B6362745F7573657269647C733A313A2236223B7C4E3B6362745F757365725F69647C733A383A227461727576697461223B6362745F6E616D617C733A383A227461727576697461223B6362745F6C6576656C7C733A343A2247757275223B6362745F6F707369317C733A303A22223B6362745F6F707369327C733A303A22223B);
INSERT INTO `cbt_sessions` VALUES ('h8at43tmbk3o34ul23ud6fc9926768f9', '::1', 1618301580, 0x5F5F63695F6C6173745F726567656E65726174657C693A313631383330313538303B6362745F7465735F757365725F69647C733A343A226A6F6B6F223B6362745F7465735F6E616D617C733A31323A224A6F6B6F20537573616E746F223B6362745F7465735F67726F75707C733A393A22584949204950412033223B6362745F7465735F67726F75705F69647C733A313A2236223B);
INSERT INTO `cbt_sessions` VALUES ('qjfhltdnj9sesef7t74rv1qkspn5vnjg', '::1', 1618301577, 0x5F5F63695F6C6173745F726567656E65726174657C693A313631383330313439363B6362745F7573657269647C733A313A2236223B7C4E3B6362745F757365725F69647C733A383A227461727576697461223B6362745F6E616D617C733A383A227461727576697461223B6362745F6C6576656C7C733A343A2247757275223B6362745F6F707369317C733A303A22223B6362745F6F707369327C733A303A22223B);
INSERT INTO `cbt_sessions` VALUES ('272gu5lkvgqbt2o476ts6q5e6u8o0mic', '::1', 1618301597, 0x5F5F63695F6C6173745F726567656E65726174657C693A313631383330313538303B6362745F7465735F757365725F69647C733A343A226A6F6B6F223B6362745F7465735F6E616D617C733A31323A224A6F6B6F20537573616E746F223B6362745F7465735F67726F75707C733A393A22584949204950412033223B6362745F7465735F67726F75705F69647C733A313A2236223B);

-- ----------------------------
-- Table structure for cbt_soal
-- ----------------------------
DROP TABLE IF EXISTS `cbt_soal`;
CREATE TABLE `cbt_soal`  (
  `soal_id` bigint(20) UNSIGNED NOT NULL AUTO_INCREMENT,
  `soal_topik_id` bigint(20) UNSIGNED NOT NULL,
  `soal_detail` text CHARACTER SET utf8 COLLATE utf8_unicode_ci NOT NULL,
  `soal_tipe` smallint(3) UNSIGNED NOT NULL DEFAULT 1 COMMENT '1=Pilihan ganda, 2=essay, 3=jawaban singkat',
  `soal_kunci` text CHARACTER SET utf8 COLLATE utf8_unicode_ci NULL COMMENT 'Kunci untuk soal jawaban singkat',
  `soal_difficulty` smallint(6) NOT NULL DEFAULT 1,
  `soal_aktif` tinyint(1) NOT NULL DEFAULT 0,
  `soal_audio` varchar(200) CHARACTER SET utf8 COLLATE utf8_unicode_ci NULL DEFAULT NULL,
  `soal_audio_play` int(11) NOT NULL DEFAULT 0,
  `soal_timer` smallint(10) NULL DEFAULT NULL,
  `soal_inline_answers` tinyint(1) NOT NULL DEFAULT 0,
  `soal_auto_next` tinyint(1) NOT NULL DEFAULT 0,
  PRIMARY KEY (`soal_id`) USING BTREE,
  INDEX `p_question_subject_id`(`soal_topik_id`) USING BTREE,
  CONSTRAINT `cbt_soal_ibfk_1` FOREIGN KEY (`soal_topik_id`) REFERENCES `cbt_topik` (`topik_id`) ON DELETE CASCADE ON UPDATE NO ACTION
) ENGINE = InnoDB AUTO_INCREMENT = 238 CHARACTER SET = utf8 COLLATE = utf8_unicode_ci ROW_FORMAT = Dynamic;

-- ----------------------------
-- Records of cbt_soal
-- ----------------------------
INSERT INTO `cbt_soal` VALUES (236, 18, '<p>Apa itu pahlawan?</p>\r\n', 2, 'pahlawan adalah seorang pahlawan', 1, 1, NULL, 0, NULL, 0, 0);
INSERT INTO `cbt_soal` VALUES (237, 18, '<p>APA ITU SEJARAH</p>\r\n', 2, 'APA ITU SEJARAH', 1, 1, NULL, 0, NULL, 0, 0);

-- ----------------------------
-- Table structure for cbt_tes
-- ----------------------------
DROP TABLE IF EXISTS `cbt_tes`;
CREATE TABLE `cbt_tes`  (
  `tes_id` bigint(20) UNSIGNED NOT NULL AUTO_INCREMENT,
  `tes_nama` varchar(255) CHARACTER SET utf8 COLLATE utf8_unicode_ci NOT NULL,
  `tes_detail` text CHARACTER SET utf8 COLLATE utf8_unicode_ci NOT NULL,
  `tes_begin_time` datetime(0) NULL DEFAULT NULL,
  `tes_end_time` datetime(0) NULL DEFAULT NULL,
  `tes_duration_time` smallint(10) UNSIGNED NOT NULL DEFAULT 0,
  `tes_ip_range` varchar(255) CHARACTER SET utf8 COLLATE utf8_unicode_ci NOT NULL DEFAULT '*.*.*.*',
  `tes_results_to_users` tinyint(1) NOT NULL DEFAULT 0,
  `tes_detail_to_users` tinyint(1) NOT NULL DEFAULT 0,
  `tes_score_right` decimal(10, 2) NULL DEFAULT 1,
  `tes_score_wrong` decimal(10, 2) NULL DEFAULT 0,
  `tes_score_unanswered` decimal(10, 2) NULL DEFAULT 0,
  `tes_max_score` decimal(10, 2) NOT NULL DEFAULT 0,
  `tes_token` tinyint(1) NULL DEFAULT 0,
  `tes_create_by` int(11) NULL DEFAULT NULL,
  PRIMARY KEY (`tes_id`) USING BTREE,
  UNIQUE INDEX `ak_test_name`(`tes_nama`) USING BTREE
) ENGINE = InnoDB AUTO_INCREMENT = 25 CHARACTER SET = utf8 COLLATE = utf8_unicode_ci ROW_FORMAT = Dynamic;

-- ----------------------------
-- Records of cbt_tes
-- ----------------------------
INSERT INTO `cbt_tes` VALUES (22, 'Ujian Bahasa Indonesia', 'Ujian Bahasa Indonesia', '2021-04-13 11:20:00', '2021-04-14 11:20:00', 30, '*.*.*.*', 1, 0, 1.00, 0.00, 0.00, 1.00, 0, 6);
INSERT INTO `cbt_tes` VALUES (23, 'ujian sejarah', 'ujian sejarah', '2021-04-13 15:05:00', '2021-04-14 15:05:00', 30, '*.*.*.*', 1, 0, 1.00, 0.00, 0.00, 1.00, 0, 6);
INSERT INTO `cbt_tes` VALUES (24, 'ujian sosiologi', 'ujian sosiologi', '2021-04-13 15:12:00', '2021-04-14 15:12:00', 30, '*.*.*.*', 1, 0, 1.00, 0.00, 0.00, 2.00, 0, 6);

-- ----------------------------
-- Table structure for cbt_tes_soal
-- ----------------------------
DROP TABLE IF EXISTS `cbt_tes_soal`;
CREATE TABLE `cbt_tes_soal`  (
  `tessoal_id` bigint(20) UNSIGNED NOT NULL AUTO_INCREMENT,
  `tessoal_tesuser_id` bigint(20) UNSIGNED NOT NULL,
  `tessoal_user_ip` varchar(39) CHARACTER SET utf8 COLLATE utf8_unicode_ci NULL DEFAULT NULL,
  `tessoal_soal_id` bigint(20) UNSIGNED NOT NULL,
  `tessoal_jawaban_text` text CHARACTER SET utf8 COLLATE utf8_unicode_ci NULL,
  `tessoal_nilai` decimal(10, 2) NULL DEFAULT NULL,
  `tessoal_creation_time` datetime(0) NULL DEFAULT NULL,
  `tessoal_display_time` datetime(0) NULL DEFAULT NULL,
  `tessoal_change_time` datetime(0) NULL DEFAULT NULL,
  `tessoal_reaction_time` bigint(20) UNSIGNED NOT NULL DEFAULT 0,
  `tessoal_ragu` int(1) NOT NULL DEFAULT 0 COMMENT '1=ragu, 0=tidak ragu',
  `tessoal_order` smallint(6) NOT NULL DEFAULT 1,
  `tessoal_num_answers` smallint(5) UNSIGNED NOT NULL DEFAULT 0,
  `tessoal_comment` text CHARACTER SET utf8 COLLATE utf8_unicode_ci NULL,
  `tessoal_audio_play` int(11) NOT NULL DEFAULT 0,
  PRIMARY KEY (`tessoal_id`) USING BTREE,
  UNIQUE INDEX `ak_testuser_question`(`tessoal_tesuser_id`, `tessoal_soal_id`) USING BTREE,
  INDEX `p_testlog_question_id`(`tessoal_soal_id`) USING BTREE,
  INDEX `p_testlog_testuser_id`(`tessoal_tesuser_id`) USING BTREE,
  CONSTRAINT `cbt_tes_soal_ibfk_1` FOREIGN KEY (`tessoal_tesuser_id`) REFERENCES `cbt_tes_user` (`tesuser_id`) ON DELETE CASCADE ON UPDATE NO ACTION,
  CONSTRAINT `cbt_tes_soal_ibfk_2` FOREIGN KEY (`tessoal_soal_id`) REFERENCES `cbt_soal` (`soal_id`) ON DELETE RESTRICT ON UPDATE NO ACTION
) ENGINE = InnoDB AUTO_INCREMENT = 93 CHARACTER SET = utf8 COLLATE = utf8_unicode_ci ROW_FORMAT = Dynamic;

-- ----------------------------
-- Records of cbt_tes_soal
-- ----------------------------
INSERT INTO `cbt_tes_soal` VALUES (88, 41, NULL, 236, 'pahlawan yaitu seorang pahlawan', 0.00, '2021-04-13 11:20:51', '2021-04-13 11:20:51', '2021-04-13 11:21:03', 0, 0, 1, 0, NULL, 0);
INSERT INTO `cbt_tes_soal` VALUES (89, 42, NULL, 236, 'ujian sejarah', 0.00, '2021-04-13 15:06:16', '2021-04-13 15:06:16', '2021-04-13 15:06:20', 0, 0, 1, 0, NULL, 0);
INSERT INTO `cbt_tes_soal` VALUES (90, 43, NULL, 236, 'ujian sejarah', 0.00, '2021-04-13 15:06:33', '2021-04-13 15:06:33', '2021-04-13 15:06:35', 0, 0, 1, 0, NULL, 0);
INSERT INTO `cbt_tes_soal` VALUES (91, 44, NULL, 236, NULL, 0.00, '2021-04-13 15:13:05', '2021-04-13 15:13:05', NULL, 0, 0, 1, 0, NULL, 0);
INSERT INTO `cbt_tes_soal` VALUES (92, 44, NULL, 237, 'ujian sosiologi', 0.00, '2021-04-13 15:13:05', '2021-04-13 15:13:10', '2021-04-13 15:13:12', 0, 0, 2, 0, NULL, 0);

-- ----------------------------
-- Table structure for cbt_tes_soal_jawaban
-- ----------------------------
DROP TABLE IF EXISTS `cbt_tes_soal_jawaban`;
CREATE TABLE `cbt_tes_soal_jawaban`  (
  `soaljawaban_tessoal_id` bigint(20) UNSIGNED NOT NULL,
  `soaljawaban_jawaban_id` bigint(20) UNSIGNED NOT NULL,
  `soaljawaban_selected` smallint(6) NOT NULL DEFAULT -1,
  `soaljawaban_order` smallint(6) NOT NULL DEFAULT 1,
  `soaljawaban_position` bigint(20) UNSIGNED NULL DEFAULT NULL,
  PRIMARY KEY (`soaljawaban_tessoal_id`, `soaljawaban_jawaban_id`) USING BTREE,
  INDEX `p_logansw_answer_id`(`soaljawaban_jawaban_id`) USING BTREE,
  INDEX `p_logansw_testlog_id`(`soaljawaban_tessoal_id`) USING BTREE,
  CONSTRAINT `cbt_tes_soal_jawaban_ibfk_1` FOREIGN KEY (`soaljawaban_tessoal_id`) REFERENCES `cbt_tes_soal` (`tessoal_id`) ON DELETE CASCADE ON UPDATE NO ACTION,
  CONSTRAINT `cbt_tes_soal_jawaban_ibfk_2` FOREIGN KEY (`soaljawaban_jawaban_id`) REFERENCES `cbt_jawaban` (`jawaban_id`) ON DELETE RESTRICT ON UPDATE NO ACTION
) ENGINE = InnoDB CHARACTER SET = utf8 COLLATE = utf8_unicode_ci ROW_FORMAT = Dynamic;

-- ----------------------------
-- Table structure for cbt_tes_token
-- ----------------------------
DROP TABLE IF EXISTS `cbt_tes_token`;
CREATE TABLE `cbt_tes_token`  (
  `token_id` int(11) NOT NULL AUTO_INCREMENT,
  `token_isi` varchar(20) CHARACTER SET latin1 COLLATE latin1_swedish_ci NOT NULL,
  `token_user_id` int(11) NOT NULL,
  `token_ts` timestamp(0) NOT NULL DEFAULT current_timestamp(0),
  `token_aktif` int(11) NOT NULL DEFAULT 1 COMMENT 'Umur Token dalam menit, 1 = 1 hari penuh',
  `token_tes_id` bigint(20) NOT NULL DEFAULT 0,
  PRIMARY KEY (`token_id`) USING BTREE,
  INDEX `token_user_id`(`token_user_id`) USING BTREE,
  CONSTRAINT `cbt_tes_token_ibfk_1` FOREIGN KEY (`token_user_id`) REFERENCES `user` (`id`) ON DELETE CASCADE ON UPDATE CASCADE
) ENGINE = InnoDB AUTO_INCREMENT = 30 CHARACTER SET = latin1 COLLATE = latin1_swedish_ci ROW_FORMAT = Dynamic;

-- ----------------------------
-- Records of cbt_tes_token
-- ----------------------------
INSERT INTO `cbt_tes_token` VALUES (25, '581FB2', 1, '2021-01-20 16:24:21', 1, 0);
INSERT INTO `cbt_tes_token` VALUES (26, '7ABCC9', 1, '2021-01-20 16:41:11', 1, 6);

-- ----------------------------
-- Table structure for cbt_tes_topik_set
-- ----------------------------
DROP TABLE IF EXISTS `cbt_tes_topik_set`;
CREATE TABLE `cbt_tes_topik_set`  (
  `tset_id` bigint(20) UNSIGNED NOT NULL AUTO_INCREMENT,
  `tset_tes_id` bigint(20) UNSIGNED NOT NULL,
  `tset_topik_id` bigint(20) UNSIGNED NOT NULL,
  `tset_tipe` smallint(6) NOT NULL DEFAULT 1,
  `tset_difficulty` smallint(6) NOT NULL DEFAULT 1,
  `tset_jumlah` smallint(6) NOT NULL DEFAULT 1,
  `tset_jawaban` smallint(6) NOT NULL DEFAULT 0,
  `tset_acak_jawaban` int(11) NOT NULL DEFAULT 1,
  `tset_acak_soal` int(11) NOT NULL DEFAULT 1,
  PRIMARY KEY (`tset_id`) USING BTREE,
  INDEX `p_tsubset_test_id`(`tset_tes_id`) USING BTREE,
  INDEX `tsubset_subject_id`(`tset_topik_id`) USING BTREE,
  CONSTRAINT `cbt_tes_topik_set_ibfk_1` FOREIGN KEY (`tset_tes_id`) REFERENCES `cbt_tes` (`tes_id`) ON DELETE CASCADE ON UPDATE NO ACTION,
  CONSTRAINT `cbt_tes_topik_set_ibfk_2` FOREIGN KEY (`tset_topik_id`) REFERENCES `cbt_topik` (`topik_id`) ON DELETE RESTRICT ON UPDATE NO ACTION
) ENGINE = InnoDB AUTO_INCREMENT = 23 CHARACTER SET = utf8 COLLATE = utf8_unicode_ci ROW_FORMAT = Dynamic;

-- ----------------------------
-- Records of cbt_tes_topik_set
-- ----------------------------
INSERT INTO `cbt_tes_topik_set` VALUES (20, 22, 18, 0, 1, 1, 2, 1, 1);
INSERT INTO `cbt_tes_topik_set` VALUES (21, 23, 18, 0, 1, 1, 2, 1, 1);
INSERT INTO `cbt_tes_topik_set` VALUES (22, 24, 18, 0, 1, 2, 2, 1, 1);

-- ----------------------------
-- Table structure for cbt_tes_user
-- ----------------------------
DROP TABLE IF EXISTS `cbt_tes_user`;
CREATE TABLE `cbt_tes_user`  (
  `tesuser_id` bigint(20) UNSIGNED NOT NULL AUTO_INCREMENT,
  `tesuser_tes_id` bigint(20) UNSIGNED NOT NULL,
  `tesuser_user_id` bigint(20) UNSIGNED NOT NULL,
  `tesuser_status` smallint(5) UNSIGNED NOT NULL DEFAULT 0,
  `tesuser_creation_time` datetime(0) NOT NULL,
  `tesuser_comment` text CHARACTER SET utf8 COLLATE utf8_unicode_ci NULL,
  `tesuser_token` varchar(10) CHARACTER SET utf8 COLLATE utf8_unicode_ci NULL DEFAULT NULL,
  PRIMARY KEY (`tesuser_id`) USING BTREE,
  UNIQUE INDEX `ak_testuser`(`tesuser_tes_id`, `tesuser_user_id`, `tesuser_status`) USING BTREE,
  INDEX `p_testuser_user_id`(`tesuser_user_id`) USING BTREE,
  INDEX `p_testuser_test_id`(`tesuser_tes_id`) USING BTREE,
  CONSTRAINT `cbt_tes_user_ibfk_1` FOREIGN KEY (`tesuser_tes_id`) REFERENCES `cbt_tes` (`tes_id`) ON DELETE CASCADE ON UPDATE RESTRICT,
  CONSTRAINT `cbt_tes_user_ibfk_2` FOREIGN KEY (`tesuser_user_id`) REFERENCES `cbt_user` (`user_id`) ON DELETE CASCADE ON UPDATE NO ACTION
) ENGINE = InnoDB AUTO_INCREMENT = 45 CHARACTER SET = utf8 COLLATE = utf8_unicode_ci ROW_FORMAT = Dynamic;

-- ----------------------------
-- Records of cbt_tes_user
-- ----------------------------
INSERT INTO `cbt_tes_user` VALUES (41, 22, 1, 4, '2021-04-13 11:20:51', NULL, NULL);
INSERT INTO `cbt_tes_user` VALUES (42, 23, 1, 4, '2021-04-13 15:06:16', NULL, NULL);
INSERT INTO `cbt_tes_user` VALUES (43, 23, 2, 4, '2021-04-13 15:06:33', NULL, NULL);
INSERT INTO `cbt_tes_user` VALUES (44, 24, 2, 4, '2021-04-13 15:13:05', NULL, NULL);

-- ----------------------------
-- Table structure for cbt_tesgrup
-- ----------------------------
DROP TABLE IF EXISTS `cbt_tesgrup`;
CREATE TABLE `cbt_tesgrup`  (
  `tstgrp_tes_id` bigint(20) UNSIGNED NOT NULL,
  `tstgrp_grup_id` bigint(20) UNSIGNED NOT NULL,
  PRIMARY KEY (`tstgrp_tes_id`, `tstgrp_grup_id`) USING BTREE,
  INDEX `p_tstgrp_test_id`(`tstgrp_tes_id`) USING BTREE,
  INDEX `p_tstgrp_group_id`(`tstgrp_grup_id`) USING BTREE,
  CONSTRAINT `cbt_tesgrup_ibfk_1` FOREIGN KEY (`tstgrp_tes_id`) REFERENCES `cbt_tes` (`tes_id`) ON DELETE CASCADE ON UPDATE NO ACTION,
  CONSTRAINT `cbt_tesgrup_ibfk_2` FOREIGN KEY (`tstgrp_grup_id`) REFERENCES `cbt_user_grup` (`grup_id`) ON DELETE CASCADE ON UPDATE NO ACTION
) ENGINE = InnoDB CHARACTER SET = utf8 COLLATE = utf8_unicode_ci ROW_FORMAT = Dynamic;

-- ----------------------------
-- Records of cbt_tesgrup
-- ----------------------------
INSERT INTO `cbt_tesgrup` VALUES (22, 6);
INSERT INTO `cbt_tesgrup` VALUES (23, 6);
INSERT INTO `cbt_tesgrup` VALUES (24, 6);

-- ----------------------------
-- Table structure for cbt_text_mining
-- ----------------------------
DROP TABLE IF EXISTS `cbt_text_mining`;
CREATE TABLE `cbt_text_mining`  (
  `tm_id` bigint(20) UNSIGNED NOT NULL AUTO_INCREMENT,
  `tm_tessoal_id` bigint(20) UNSIGNED NOT NULL,
  `tm_soal_id` bigint(20) NOT NULL,
  `tm_answer` text CHARACTER SET utf8mb4 COLLATE utf8mb4_general_ci NULL,
  `tm_is_key` tinyint(2) NULL DEFAULT NULL,
  `tm_case_folding` text CHARACTER SET utf8mb4 COLLATE utf8mb4_general_ci NULL,
  `tm_tokenization` text CHARACTER SET utf8mb4 COLLATE utf8mb4_general_ci NULL,
  `tm_filtering` text CHARACTER SET utf8mb4 COLLATE utf8mb4_general_ci NULL,
  `tm_stemming` text CHARACTER SET utf8mb4 COLLATE utf8mb4_general_ci NULL,
  `created_at` timestamp(0) NULL DEFAULT NULL,
  `updated_at` timestamp(0) NULL DEFAULT NULL ON UPDATE CURRENT_TIMESTAMP(0),
  PRIMARY KEY (`tm_id`) USING BTREE
) ENGINE = InnoDB AUTO_INCREMENT = 17 CHARACTER SET = utf8mb4 COLLATE = utf8mb4_general_ci ROW_FORMAT = Dynamic;

-- ----------------------------
-- Records of cbt_text_mining
-- ----------------------------
INSERT INTO `cbt_text_mining` VALUES (11, 0, 236, 'pahlawan adalah seorang pahlawan', 1, 'pahlawan adalah seorang pahlawan', '[\"pahlawan\",\"adalah\",\"seorang\",\"pahlawan\"]', '[\"pahlawan\",\"pahlawan\"]', '[\"pahlawan\",\"pahlawan\"]', '2021-04-13 11:19:44', NULL);
INSERT INTO `cbt_text_mining` VALUES (12, 88, 0, 'pahlawan yaitu seorang pahlawan', 0, 'pahlawan yaitu seorang pahlawan', '[\"pahlawan\",\"yaitu\",\"seorang\",\"pahlawan\"]', '[\"pahlawan\",\"pahlawan\"]', '[\"pahlawan\",\"pahlawan\"]', '2021-04-13 11:21:03', NULL);
INSERT INTO `cbt_text_mining` VALUES (13, 89, 0, 'ujian sejarah', 0, 'ujian sejarah', '[\"ujian\",\"sejarah\"]', '[\"ujian\",\"sejarah\"]', '[\"uji\",\"sejarah\"]', '2021-04-13 15:06:20', NULL);
INSERT INTO `cbt_text_mining` VALUES (14, 90, 0, 'ujian sejarah', 0, 'ujian sejarah', '[\"ujian\",\"sejarah\"]', '[\"ujian\",\"sejarah\"]', '[\"uji\",\"sejarah\"]', '2021-04-13 15:06:35', NULL);
INSERT INTO `cbt_text_mining` VALUES (15, 0, 237, 'APA ITU SEJARAH', 1, 'apa itu sejarah', '[\"apa\",\"itu\",\"sejarah\"]', '[\"sejarah\"]', '[\"sejarah\"]', '2021-04-13 15:11:58', NULL);
INSERT INTO `cbt_text_mining` VALUES (16, 92, 0, 'ujian sosiologi', 0, 'ujian sosiologi', '[\"ujian\",\"sosiologi\"]', '[\"ujian\",\"sosiologi\"]', '[\"uji\",\"sosiologi\"]', '2021-04-13 15:13:12', NULL);

-- ----------------------------
-- Table structure for cbt_topik
-- ----------------------------
DROP TABLE IF EXISTS `cbt_topik`;
CREATE TABLE `cbt_topik`  (
  `topik_id` bigint(20) UNSIGNED NOT NULL AUTO_INCREMENT,
  `topik_modul_id` bigint(20) UNSIGNED NOT NULL DEFAULT 1,
  `topik_create_by` int(11) NULL DEFAULT NULL,
  `topik_nama` varchar(255) CHARACTER SET utf8 COLLATE utf8_unicode_ci NOT NULL,
  `topik_detail` text CHARACTER SET utf8 COLLATE utf8_unicode_ci NULL,
  `topik_aktif` tinyint(1) NOT NULL DEFAULT 0,
  PRIMARY KEY (`topik_id`) USING BTREE,
  UNIQUE INDEX `ak_subject_name`(`topik_modul_id`, `topik_nama`) USING BTREE,
  CONSTRAINT `cbt_topik_ibfk_1` FOREIGN KEY (`topik_modul_id`) REFERENCES `cbt_modul` (`modul_id`) ON DELETE CASCADE ON UPDATE NO ACTION
) ENGINE = InnoDB AUTO_INCREMENT = 19 CHARACTER SET = utf8 COLLATE = utf8_unicode_ci ROW_FORMAT = Dynamic;

-- ----------------------------
-- Records of cbt_topik
-- ----------------------------
INSERT INTO `cbt_topik` VALUES (18, 9, 6, 'Ujian Bahasa Indonesia', 'Ujian Bahasa Indonesia', 1);

-- ----------------------------
-- Table structure for cbt_user
-- ----------------------------
DROP TABLE IF EXISTS `cbt_user`;
CREATE TABLE `cbt_user`  (
  `user_id` bigint(20) UNSIGNED NOT NULL AUTO_INCREMENT,
  `user_grup_id` bigint(20) UNSIGNED NOT NULL,
  `user_name` varchar(255) CHARACTER SET utf8 COLLATE utf8_unicode_ci NOT NULL,
  `user_password` varchar(255) CHARACTER SET utf8 COLLATE utf8_unicode_ci NOT NULL,
  `user_email` varchar(255) CHARACTER SET utf8 COLLATE utf8_unicode_ci NULL DEFAULT NULL,
  `user_regdate` timestamp(0) NOT NULL DEFAULT current_timestamp(0),
  `user_ip` varchar(39) CHARACTER SET utf8 COLLATE utf8_unicode_ci NULL DEFAULT NULL,
  `user_firstname` varchar(255) CHARACTER SET utf8 COLLATE utf8_unicode_ci NULL DEFAULT NULL,
  `user_birthdate` date NULL DEFAULT NULL,
  `user_birthplace` varchar(255) CHARACTER SET utf8 COLLATE utf8_unicode_ci NULL DEFAULT NULL,
  `user_level` smallint(3) UNSIGNED NOT NULL DEFAULT 1,
  `user_detail` varchar(25) CHARACTER SET utf8 COLLATE utf8_unicode_ci NULL DEFAULT NULL,
  PRIMARY KEY (`user_id`) USING BTREE,
  UNIQUE INDEX `ak_user_name`(`user_name`) USING BTREE,
  INDEX `user_groups_id`(`user_grup_id`) USING BTREE,
  INDEX `user_detail`(`user_detail`) USING BTREE,
  CONSTRAINT `cbt_user_ibfk_1` FOREIGN KEY (`user_grup_id`) REFERENCES `cbt_user_grup` (`grup_id`) ON DELETE CASCADE ON UPDATE NO ACTION
) ENGINE = InnoDB AUTO_INCREMENT = 3 CHARACTER SET = utf8 COLLATE = utf8_unicode_ci ROW_FORMAT = Dynamic;

-- ----------------------------
-- Records of cbt_user
-- ----------------------------
INSERT INTO `cbt_user` VALUES (1, 6, 'lutfi', 'lutfi', '', '2018-01-11 11:38:27', NULL, 'Muhammad Lutfial Hakim', NULL, NULL, 1, 'Ruang 1, Sesi 1');
INSERT INTO `cbt_user` VALUES (2, 6, 'joko', 'joko', '', '2018-08-11 10:49:25', NULL, 'Joko Susanto', NULL, NULL, 1, '');

-- ----------------------------
-- Table structure for cbt_user_grup
-- ----------------------------
DROP TABLE IF EXISTS `cbt_user_grup`;
CREATE TABLE `cbt_user_grup`  (
  `grup_id` bigint(20) UNSIGNED NOT NULL AUTO_INCREMENT,
  `grup_nama` varchar(255) CHARACTER SET utf8 COLLATE utf8_unicode_ci NOT NULL,
  PRIMARY KEY (`grup_id`) USING BTREE,
  UNIQUE INDEX `group_name`(`grup_nama`) USING BTREE
) ENGINE = InnoDB AUTO_INCREMENT = 7 CHARACTER SET = utf8 COLLATE = utf8_unicode_ci ROW_FORMAT = Dynamic;

-- ----------------------------
-- Records of cbt_user_grup
-- ----------------------------
INSERT INTO `cbt_user_grup` VALUES (5, 'XI MM');
INSERT INTO `cbt_user_grup` VALUES (6, 'XII IPA 3');

-- ----------------------------
-- Table structure for user
-- ----------------------------
DROP TABLE IF EXISTS `user`;
CREATE TABLE `user`  (
  `id` int(11) NOT NULL AUTO_INCREMENT,
  `username` varchar(100) CHARACTER SET latin1 COLLATE latin1_swedish_ci NOT NULL,
  `password` varchar(255) CHARACTER SET latin1 COLLATE latin1_swedish_ci NOT NULL,
  `nama` varchar(150) CHARACTER SET latin1 COLLATE latin1_swedish_ci NOT NULL,
  `opsi1` varchar(75) CHARACTER SET latin1 COLLATE latin1_swedish_ci NOT NULL,
  `opsi2` varchar(75) CHARACTER SET latin1 COLLATE latin1_swedish_ci NOT NULL,
  `keterangan` varchar(150) CHARACTER SET latin1 COLLATE latin1_swedish_ci NOT NULL,
  `level` varchar(50) CHARACTER SET latin1 COLLATE latin1_swedish_ci NOT NULL,
  `ts` timestamp(0) NOT NULL DEFAULT current_timestamp(0),
  PRIMARY KEY (`id`) USING BTREE,
  UNIQUE INDEX `username`(`username`) USING BTREE,
  INDEX `level`(`level`) USING BTREE,
  CONSTRAINT `user_ibfk_1` FOREIGN KEY (`level`) REFERENCES `user_level` (`level`) ON DELETE CASCADE ON UPDATE CASCADE
) ENGINE = InnoDB AUTO_INCREMENT = 7 CHARACTER SET = latin1 COLLATE = latin1_swedish_ci ROW_FORMAT = Dynamic;

-- ----------------------------
-- Records of user
-- ----------------------------
INSERT INTO `user` VALUES (1, 'admin', 'd033e22ae348aeb5660fc2140aec35850c4da997', 'Achmad Lutfi', '', '', '', 'admin', '2015-07-30 01:12:03');
INSERT INTO `user` VALUES (4, 'operator', 'fe96dd39756ac41b74283a9292652d366d73931f', 'Operator', '', '', 'Operator', 'operator-soal', '2018-03-30 19:58:55');
INSERT INTO `user` VALUES (6, 'taruvita', '7c02d33f6e9da3adea88ec418297d61d7d3079b8', 'taruvita', '', '', 'taruvita', 'Guru', '2021-01-20 17:58:55');

-- ----------------------------
-- Table structure for user_akses
-- ----------------------------
DROP TABLE IF EXISTS `user_akses`;
CREATE TABLE `user_akses`  (
  `id` int(11) NOT NULL AUTO_INCREMENT,
  `level` varchar(75) CHARACTER SET latin1 COLLATE latin1_swedish_ci NOT NULL,
  `kode_menu` varchar(50) CHARACTER SET latin1 COLLATE latin1_swedish_ci NOT NULL,
  `add` int(2) NOT NULL DEFAULT 1 COMMENT '0=false, 1=true',
  `edit` int(2) NOT NULL DEFAULT 1 COMMENT '0=false, 1=true',
  PRIMARY KEY (`id`) USING BTREE,
  INDEX `akses_kode_menu`(`kode_menu`) USING BTREE,
  INDEX `akses_level`(`level`) USING BTREE,
  CONSTRAINT `user_akses_ibfk_2` FOREIGN KEY (`kode_menu`) REFERENCES `user_menu` (`kode_menu`) ON DELETE CASCADE ON UPDATE CASCADE,
  CONSTRAINT `user_akses_ibfk_3` FOREIGN KEY (`level`) REFERENCES `user_level` (`level`) ON DELETE CASCADE ON UPDATE CASCADE
) ENGINE = InnoDB AUTO_INCREMENT = 511 CHARACTER SET = latin1 COLLATE = latin1_swedish_ci ROW_FORMAT = Dynamic;

-- ----------------------------
-- Records of user_akses
-- ----------------------------
INSERT INTO `user_akses` VALUES (254, 'operator-soal', 'modul-daftar', 1, 1);
INSERT INTO `user_akses` VALUES (255, 'operator-soal', 'modul-filemanager', 1, 1);
INSERT INTO `user_akses` VALUES (256, 'operator-soal', 'modul-import', 1, 1);
INSERT INTO `user_akses` VALUES (257, 'operator-soal', 'modul-soal', 1, 1);
INSERT INTO `user_akses` VALUES (258, 'operator-soal', 'modul-topik', 1, 1);
INSERT INTO `user_akses` VALUES (259, 'operator-tes', 'tes-hasil-operator', 1, 1);
INSERT INTO `user_akses` VALUES (260, 'operator-tes', 'tes-token', 1, 1);
INSERT INTO `user_akses` VALUES (478, 'admin', 'peserta-kartu', 1, 1);
INSERT INTO `user_akses` VALUES (479, 'admin', 'peserta-group', 1, 1);
INSERT INTO `user_akses` VALUES (480, 'admin', 'peserta-daftar', 1, 1);
INSERT INTO `user_akses` VALUES (481, 'admin', 'modul-daftar', 1, 1);
INSERT INTO `user_akses` VALUES (482, 'admin', 'tes-daftar', 1, 1);
INSERT INTO `user_akses` VALUES (483, 'admin', 'tool-backup', 1, 1);
INSERT INTO `user_akses` VALUES (484, 'admin', 'tes-evaluasi', 1, 1);
INSERT INTO `user_akses` VALUES (485, 'admin', 'tool-exportimport-soal', 1, 1);
INSERT INTO `user_akses` VALUES (486, 'admin', 'modul-filemanager', 1, 1);
INSERT INTO `user_akses` VALUES (487, 'admin', 'tes-hasil', 1, 1);
INSERT INTO `user_akses` VALUES (488, 'admin', 'peserta-import', 1, 1);
INSERT INTO `user_akses` VALUES (489, 'admin', 'modul-import', 1, 1);
INSERT INTO `user_akses` VALUES (490, 'admin', 'user_level', 1, 1);
INSERT INTO `user_akses` VALUES (491, 'admin', 'user_menu', 1, 1);
INSERT INTO `user_akses` VALUES (492, 'admin', 'user_atur', 1, 1);
INSERT INTO `user_akses` VALUES (493, 'admin', 'user-zyacbt', 1, 1);
INSERT INTO `user_akses` VALUES (494, 'admin', 'tes-rekap', 1, 1);
INSERT INTO `user_akses` VALUES (495, 'admin', 'modul-soal', 1, 1);
INSERT INTO `user_akses` VALUES (496, 'admin', 'tes-tambah', 1, 1);
INSERT INTO `user_akses` VALUES (497, 'admin', 'tes-token', 1, 1);
INSERT INTO `user_akses` VALUES (498, 'admin', 'modul-topik', 1, 1);
INSERT INTO `user_akses` VALUES (499, 'Guru', 'modul-daftar', 1, 1);
INSERT INTO `user_akses` VALUES (500, 'Guru', 'tes-daftar', 1, 1);
INSERT INTO `user_akses` VALUES (501, 'Guru', 'tes-evaluasi', 1, 1);
INSERT INTO `user_akses` VALUES (502, 'Guru', 'modul-filemanager', 1, 1);
INSERT INTO `user_akses` VALUES (503, 'Guru', 'tes-hasil', 1, 1);
INSERT INTO `user_akses` VALUES (504, 'Guru', 'tes-hasil-operator', 1, 1);
INSERT INTO `user_akses` VALUES (505, 'Guru', 'modul-import', 1, 1);
INSERT INTO `user_akses` VALUES (506, 'Guru', 'tes-rekap', 1, 1);
INSERT INTO `user_akses` VALUES (507, 'Guru', 'modul-soal', 1, 1);
INSERT INTO `user_akses` VALUES (508, 'Guru', 'tes-tambah', 1, 1);
INSERT INTO `user_akses` VALUES (509, 'Guru', 'tes-token', 1, 1);
INSERT INTO `user_akses` VALUES (510, 'Guru', 'modul-topik', 1, 1);

-- ----------------------------
-- Table structure for user_level
-- ----------------------------
DROP TABLE IF EXISTS `user_level`;
CREATE TABLE `user_level`  (
  `id` int(11) NOT NULL AUTO_INCREMENT,
  `level` varchar(50) CHARACTER SET latin1 COLLATE latin1_swedish_ci NOT NULL,
  `keterangan` varchar(100) CHARACTER SET latin1 COLLATE latin1_swedish_ci NULL DEFAULT NULL,
  PRIMARY KEY (`id`) USING BTREE,
  UNIQUE INDEX `level`(`level`) USING BTREE
) ENGINE = InnoDB AUTO_INCREMENT = 10 CHARACTER SET = latin1 COLLATE = latin1_swedish_ci ROW_FORMAT = Dynamic;

-- ----------------------------
-- Records of user_level
-- ----------------------------
INSERT INTO `user_level` VALUES (1, 'admin', 'Administrator');
INSERT INTO `user_level` VALUES (7, 'operator-soal', 'Operator Soal');
INSERT INTO `user_level` VALUES (8, 'operator-tes', 'Operator Tes');
INSERT INTO `user_level` VALUES (9, 'Guru', 'Guru');

-- ----------------------------
-- Table structure for user_log
-- ----------------------------
DROP TABLE IF EXISTS `user_log`;
CREATE TABLE `user_log`  (
  `id` int(11) NOT NULL AUTO_INCREMENT,
  `username` varchar(100) CHARACTER SET latin1 COLLATE latin1_swedish_ci NOT NULL,
  `log` varchar(250) CHARACTER SET latin1 COLLATE latin1_swedish_ci NOT NULL,
  `ts` timestamp(0) NOT NULL DEFAULT current_timestamp(0),
  PRIMARY KEY (`id`) USING BTREE
) ENGINE = InnoDB AUTO_INCREMENT = 1 CHARACTER SET = latin1 COLLATE = latin1_swedish_ci ROW_FORMAT = Dynamic;

-- ----------------------------
-- Table structure for user_menu
-- ----------------------------
DROP TABLE IF EXISTS `user_menu`;
CREATE TABLE `user_menu`  (
  `id` int(11) NOT NULL AUTO_INCREMENT,
  `tipe` int(11) NOT NULL DEFAULT 1 COMMENT '0=parent, 1=child',
  `parent` varchar(50) CHARACTER SET latin1 COLLATE latin1_swedish_ci NULL DEFAULT NULL,
  `kode_menu` varchar(50) CHARACTER SET latin1 COLLATE latin1_swedish_ci NOT NULL,
  `nama_menu` varchar(100) CHARACTER SET latin1 COLLATE latin1_swedish_ci NOT NULL,
  `url` varchar(150) CHARACTER SET latin1 COLLATE latin1_swedish_ci NOT NULL DEFAULT '#',
  `icon` varchar(75) CHARACTER SET latin1 COLLATE latin1_swedish_ci NOT NULL DEFAULT 'fa fa-circle-o',
  `urutan` int(11) NOT NULL,
  `status` tinyint(2) NULL DEFAULT NULL,
  PRIMARY KEY (`id`) USING BTREE,
  UNIQUE INDEX `kode_menu`(`kode_menu`) USING BTREE
) ENGINE = InnoDB AUTO_INCREMENT = 38 CHARACTER SET = latin1 COLLATE = latin1_swedish_ci ROW_FORMAT = Dynamic;

-- ----------------------------
-- Records of user_menu
-- ----------------------------
INSERT INTO `user_menu` VALUES (1, 0, '', 'user', 'Pengaturan', '#', 'fa fa-user', 20, 1);
INSERT INTO `user_menu` VALUES (3, 1, 'user', 'user_atur', 'Pengaturan User', 'manager/useratur', 'fa fa-circle-o', 5, 1);
INSERT INTO `user_menu` VALUES (4, 1, 'user', 'user_level', 'Pengaturan Level', 'manager/userlevel', 'fa fa-circle-o', 6, 1);
INSERT INTO `user_menu` VALUES (5, 1, 'user', 'user_menu', 'Pengaturan Menu', 'manager/usermenu', 'fa fa-circle-o', 7, 1);
INSERT INTO `user_menu` VALUES (6, 0, '', 'modul', 'Data Modul', '#', 'fa fa-book', 2, 1);
INSERT INTO `user_menu` VALUES (7, 1, 'modul', 'modul-daftar', 'Daftar Soal', 'manager/modul_daftar', 'fa fa-circle-o', 5, 1);
INSERT INTO `user_menu` VALUES (8, 1, 'modul', 'modul-topik', 'Topik', 'manager/modul_topik', 'fa fa-circle-o', 2, 1);
INSERT INTO `user_menu` VALUES (10, 0, '', 'peserta', 'Data Peserta', '#', 'fa fa-users', 1, 1);
INSERT INTO `user_menu` VALUES (11, 1, 'peserta', 'peserta-daftar', 'Daftar Peserta', 'manager/peserta_daftar', 'fa fa-circle-o', 2, 1);
INSERT INTO `user_menu` VALUES (12, 1, 'peserta', 'peserta-group', 'Daftar Group', 'manager/peserta_group', 'fa fa-circle-o', 1, 1);
INSERT INTO `user_menu` VALUES (13, 1, 'peserta', 'peserta-import', 'Import Data Peserta', 'manager/peserta_import', 'fa fa-circle-o', 3, 1);
INSERT INTO `user_menu` VALUES (14, 0, '', 'tes', 'Data Tes', '#', 'fa fa-tasks', 7, 1);
INSERT INTO `user_menu` VALUES (15, 1, 'tes', 'tes-tambah', 'Tambah Tes', 'manager/tes_tambah', 'fa fa-circle-o', 1, 1);
INSERT INTO `user_menu` VALUES (16, 1, 'tes', 'tes-daftar', 'Daftar Tes', 'manager/tes_daftar', 'fa fa-circle-o', 2, 1);
INSERT INTO `user_menu` VALUES (17, 1, 'tes', 'tes-hasil', 'Hasil Tes', 'manager/tes_hasil', 'fa fa-circle-o', 6, 1);
INSERT INTO `user_menu` VALUES (18, 1, 'modul', 'modul-soal', 'Soal', 'manager/modul_soal', 'fa fa-circle-o', 3, 1);
INSERT INTO `user_menu` VALUES (19, 1, 'tes', 'tes-token', 'Token', 'manager/tes_token', 'fa fa-circle-o', 8, 1);
INSERT INTO `user_menu` VALUES (22, 1, 'modul', 'modul-filemanager', 'File Manager', 'manager/modul_filemanager', 'fa fa-circle-o', 6, 1);
INSERT INTO `user_menu` VALUES (24, 1, 'modul', 'modul-import', 'Import Soal', 'manager/modul_import', 'fa fa-circle-o', 4, 0);
INSERT INTO `user_menu` VALUES (25, 1, 'tes', 'tes-evaluasi', 'Evaluasi Tes', 'manager/tes_evaluasi', 'fa fa-circle-o', 5, 1);
INSERT INTO `user_menu` VALUES (28, 1, 'tes', 'tes-hasil-operator', 'Hasil Tes Operator', 'manager/tes_hasil_operator', 'fa fa-circle-o', 10, 1);
INSERT INTO `user_menu` VALUES (30, 0, '', 'tool', 'Tool', '#', 'fa fa-wrench', 5, 1);
INSERT INTO `user_menu` VALUES (31, 1, 'tool', 'tool-backup', 'Database', 'manager/tool_backup', 'fa fa-database', 1, 1);
INSERT INTO `user_menu` VALUES (32, 1, 'tes', 'tes-rekap', 'Rekap Hasil Tes', 'manager/tes_rekap_hasil', 'fa fa-circle-o', 7, 1);
INSERT INTO `user_menu` VALUES (33, 1, 'tool', 'tool-exportimport-soal', 'Export / Import Soal', 'manager/tool_exportimport_soal', 'fa fa-circle-o', 2, 1);
INSERT INTO `user_menu` VALUES (34, 1, 'user', 'user-zyacbt', 'Pengaturan ZYACBT', 'manager/pengaturan_zyacbt', 'fa fa-circle-o', 1, 1);
INSERT INTO `user_menu` VALUES (37, 1, 'peserta', 'peserta-kartu', 'Cetak Kartu', 'manager/peserta_kartu', 'fa fa-circle-o', 5, 1);

-- ----------------------------
-- View structure for text_mining_answer_view
-- ----------------------------
DROP VIEW IF EXISTS `text_mining_answer_view`;
CREATE ALGORITHM = UNDEFINED SQL SECURITY DEFINER VIEW `text_mining_answer_view` AS SELECT
	cbt_text_mining.tm_id,
	cbt_tes_soal.tessoal_soal_id AS soal_id,
	cbt_tes_soal.tessoal_id,
	cbt_tes_user.tesuser_user_id AS user_id,
	cbt_tes_user.tesuser_status AS status,
	cbt_tes_soal.tessoal_jawaban_text AS answer,
	cbt_text_mining.tm_case_folding AS case_folding,
	cbt_text_mining.tm_tokenization AS tokenization,
	cbt_text_mining.tm_filtering AS filtering,
	cbt_text_mining.tm_stemming AS stemming,
	cbt_tes_soal.tessoal_nilai AS nilai 
FROM
	cbt_text_mining
	INNER JOIN cbt_tes_soal ON cbt_text_mining.tm_tessoal_id = cbt_tes_soal.tessoal_id
	INNER JOIN cbt_tes_user ON cbt_tes_soal.tessoal_tesuser_id = cbt_tes_user.tesuser_id ;

-- ----------------------------
-- View structure for text_mining_kunci_view
-- ----------------------------
DROP VIEW IF EXISTS `text_mining_kunci_view`;
CREATE ALGORITHM = UNDEFINED SQL SECURITY DEFINER VIEW `text_mining_kunci_view` AS SELECT
cbt_text_mining.tm_id,
cbt_soal.soal_id,
cbt_soal.soal_detail,
cbt_soal.soal_kunci,
cbt_text_mining.tm_case_folding,
cbt_text_mining.tm_tokenization,
cbt_text_mining.tm_filtering,
cbt_text_mining.tm_stemming
FROM
cbt_text_mining
INNER JOIN cbt_soal ON cbt_text_mining.tm_soal_id = cbt_soal.soal_id ;

SET FOREIGN_KEY_CHECKS = 1;
